Cutomer_ID,Customer Name,Gender,Age,Number,City,Phone,Latest Visit Date,,,,,
C000001,NIMISHA ROY,F,43,1,Chennai,+91 989569672,2/18/2023,,,,,
C000002,DEEPAK KUMAR SHARMA,M,43,2,Kolkata,+91 873738814,12/2/2023,,,,,
C000003,DEEPIKA NETAM,F,51,3,Bengaluru,+91 855759168,8/25/2023,,,,,
C000004,Rituparna Das,F,23,4,Kolkata,+91 976536191,3/16/2023,,,,,
C000005,RISHABH SINGH,M,58,5,Bengaluru,+91 770489590,10/10/2024,,,,,
C000006,ABHISHEK SINGH,M,21,6,Delhi,+91 935191750,7/1/2023,,,,,
C000007,ankita tripathi,F,27,7,Delhi,+91 895020634,11/4/2024,,,,,
C000008,NILAM KUMARI,F,65,8,Chennai,+91 984709821,6/11/2024,,,,,
C000009,Monica,F,43,9,Delhi,+91 843748997,10/16/2023,,,,,
C000010,STUTI MALAVIYA,F,35,10,Bengaluru,+91 957619621,7/21/2024,,,,,
C000011,soumendra debata,M,51,11,Pune,+91 773001630,6/7/2024,,,,,
C000012,SHITLESH KUMAR SHRIVAS,M,59,12,Mumbai,+91 980180612,12/12/2023,,,,,
C000013,Sushmita jaiswal,F,54,13,Pune,+91 900382666,12/9/2023,,,,,
C000014,Mudita Jain,F,51,14,Hyderabad,+91 788196115,6/16/2024,,,,,
C000015,ABHINAV PRAKASH,M,31,15,Chennai,+91 757232109,9/28/2024,,,,,
C000016,ANIKET PATRA,M,38,16,Goa,+91 979228397,5/22/2023,,,,,
C000017,CHILUKURI VENKAT RAMYA,F,52,17,Kolkata,+91 927693873,3/31/2023,,,,,
C000018,A. RAGHU,M,18,18,Hyderabad,+91 995727403,5/2/2024,,,,,
C000019,PUSHPAVATHI S Y,F,50,19,Goa,+91 919130370,12/11/2024,,,,,
C000020,SUMIT KUMAR TIWARI,M,62,20,Bengaluru,+91 798076833,3/19/2024,,,,,
C000021,ANSHUMAN TIWARI,M,41,21,Bengaluru,+91 725410430,1/9/2023,,,,,
C000022,NARENDRA GADE,M,44,22,Mumbai,+91 835780875,2/7/2024,,,,,
C000023,ABHISHEK DE,M,36,23,Pune,+91 800810403,12/6/2023,,,,,
C000024,ROMIN DEEPAKKUMAR PARIKH,M,58,24,Chennai,+91 900456727,1/23/2025,,,,,
C000025,DURGA MADHAB PALAI,M,60,25,Delhi,+91 871638324,12/18/2024,,,,,
C000026,samarpan jain,M,24,26,Mumbai,+91 795422722,6/16/2024,,,,,
C000027,Thorlapati John Melchi,M,63,27,Pune,+91 945612275,1/7/2023,,,,,
C000028,POOJA NAIK,F,40,28,Pune,+91 869401248,7/24/2023,,,,,
C000029,AKUL SINGH,M,22,29,Goa,+91 751605757,6/25/2023,,,,,
C000030,SUJAYA SAHOO,F,30,30,Mumbai,+91 700330692,2/21/2024,,,,,
C000031,umesh,M,48,31,Chennai,+91 992849749,11/20/2023,,,,,
C000032,SUMIT KUMAR VERMA,M,35,32,Pune,+91 938544635,6/27/2023,,,,,
C000033,JAI KUMAR KUSHWAHA,M,50,33,Bengaluru,+91 824580411,7/16/2023,,,,,
C000034,SUJATA,F,52,34,Delhi,+91 880497032,12/3/2024,,,,,
C000035,Garima Dwivedi,F,58,35,Delhi,+91 968859603,9/25/2024,,,,,
C000036,ABHIJEET G. GHOGARE,M,36,36,Chennai,+91 715842784,8/5/2024,,,,,
C000037,ANNU SHARMA,M,57,37,Kolkata,+91 887622559,10/6/2023,,,,,
C000038,aaruni kumar,M,41,38,Hyderabad,+91 953013246,1/10/2023,,,,,
C000039,MONAJ DAS,M,29,39,Bengaluru,+91 978525661,6/20/2023,,,,,
C000040,PALAK ARORA,F,31,40,Bengaluru,+91 832235309,2/20/2023,,,,,
C000041,ANKIT SINGHAL,M,35,41,Pune,+91 907335865,1/24/2025,,,,,
C000042,AMAR KUMAR,M,62,42,Goa,+91 959509526,5/17/2024,,,,,
C000043,KSHITIJ MUNISHWAR KAWLE,M,23,43,Bengaluru,+91 956501356,6/30/2023,,,,,
C000044,KUMARI KANCHAN JAYA,F,34,44,Mumbai,+91 909292994,3/28/2023,,,,,
C000045,EKTA KOHLE,F,24,45,Bengaluru,+91 703063899,9/11/2024,,,,,
C000046,DIPTIMAN DEY,M,35,46,Kolkata,+91 863670202,12/28/2024,,,,,
C000047,SAUMYA GUPTA,F,51,47,Delhi,+91 949911418,2/16/2024,,,,,
C000048,AJITA MISHRA,F,65,48,Kolkata,+91 916939718,4/23/2024,,,,,
C000049,BISWAJIT MONDAL,M,20,49,Kolkata,+91 750695420,6/9/2023,,,,,
C000050,NAUSHAD AHMED,M,38,50,Hyderabad,+91 853655099,9/19/2024,,,,,
C000051,VIVEK MAHAJAN,M,49,51,Pune,+91 809383648,11/20/2023,,,,,
C000052,GURPINDER SINGH,M,28,52,Delhi,+91 877253185,5/23/2024,,,,,
C000053,Lavanya S,F,50,53,Pune,+91 902607968,1/18/2023,,,,,
C000054,MALOTH KALYANI,F,41,54,Goa,+91 870294280,3/17/2024,,,,,
C000055,Mende Suresh,M,26,55,Chennai,+91 958665762,9/28/2023,,,,,
C000056,Sarita prasad,F,30,56,Chennai,+91 947370193,4/16/2023,,,,,
C000057,PRIYAL KUMARI,F,31,57,Mumbai,+91 821219546,8/21/2024,,,,,
C000058,DIBYA JYOTIRMAYEE SAHU,F,18,58,Bengaluru,+91 923131881,8/17/2024,,,,,
C000059,AVANIGADDA SRINIVASA RAO,M,19,59,Chennai,+91 863314121,3/5/2024,,,,,
C000060,EBY K SAJAN,M,37,60,Kolkata,+91 986771211,7/15/2024,,,,,
C000061,SUDATTA PRIYADARSHINEE,F,36,61,Mumbai,+91 800683283,11/14/2024,,,,,
C000062,JAI TIWARI,M,36,62,Pune,+91 733276655,8/23/2023,,,,,
C000063,Mona Nagsen Wankhede,F,41,63,Hyderabad,+91 742514290,2/4/2023,,,,,
C000064,DEEPESH KUMAR,M,49,64,Delhi,+91 738170293,8/20/2024,,,,,
C000065,SRISTI MITRA,F,44,65,Pune,+91 754993304,5/6/2024,,,,,
C000066,TEEKAM DUBEY,M,44,66,Mumbai,+91 959663404,6/16/2024,,,,,
C000067,SHOBHAM MEHER,M,63,67,Delhi,+91 840873387,11/24/2023,,,,,
C000068,SHOBHIT SINGH,M,57,68,Chennai,+91 736690106,7/20/2023,,,,,
C000069,Shefali Gupta,F,64,69,Goa,+91 991776714,7/31/2023,,,,,
C000070,Ankita Awasthi,F,21,70,Kolkata,+91 981883801,10/28/2024,,,,,
C000071,APURWA,F,28,71,Pune,+91 732988359,3/4/2024,,,,,
C000072,GEDAM AJAY DHANRAJ,M,40,72,Pune,+91 885547528,1/23/2023,,,,,
C000073,YASHIMA,F,51,73,Hyderabad,+91 796936663,10/21/2023,,,,,
C000074,MANISH KUMAR SINGH,M,62,74,Chennai,+91 721961563,11/8/2023,,,,,
C000075,Hardeep Singh,M,51,75,Goa,+91 823912342,9/11/2023,,,,,
C000076,PRASHANT KUMAR,M,63,76,Goa,+91 931830430,4/26/2023,,,,,
C000077,RANJAN NASKAR,M,50,77,Mumbai,+91 750004161,2/1/2023,,,,,
C000078,BIBHU PRASAD SWAIN,M,38,78,Bengaluru,+91 746785602,6/26/2024,,,,,
C000079,HUKAM CHAND,M,35,79,Goa,+91 745710263,2/3/2024,,,,,
C000080,AARTI VERMA,F,20,80,Delhi,+91 801171351,2/15/2023,,,,,
C000081,AJAY YADAV,M,19,81,Hyderabad,+91 766544594,2/6/2024,,,,,
C000082,SUHAIL,M,39,82,Delhi,+91 764540553,8/31/2023,,,,,
C000083,ABHIMANYU SINGH,M,33,83,Hyderabad,+91 982782100,3/10/2023,,,,,
C000084,Anusha.D,F,22,84,Delhi,+91 915296385,8/5/2024,,,,,
C000085,Bikiran Das,M,65,85,Pune,+91 756520711,6/16/2024,,,,,
C000086,NAMITA BIKRAM,F,37,86,Hyderabad,+91 963383589,4/24/2023,,,,,
C000087,anjali dwivedi,F,63,87,Goa,+91 830977661,7/23/2023,,,,,
C000088,Shubhangee Mishra,F,60,88,Hyderabad,+91 768837033,5/29/2023,,,,,
C000089,ASHWINI MOTILAL RAMTEKE,F,18,89,Kolkata,+91 707023348,7/16/2023,,,,,
C000090,Debanjan Biswas,M,42,90,Goa,+91 717740074,4/11/2023,,,,,
C000091,samiksha rawat,F,53,91,Bengaluru,+91 879970489,9/15/2024,,,,,
C000092,SOUMI BANDYOPADHYAY,F,33,92,Mumbai,+91 935788573,2/28/2023,,,,,
C000093,Prashant shahi,M,29,93,Pune,+91 707089049,6/5/2024,,,,,
C000094,ARPITA SRIVASTAVA,F,25,94,Kolkata,+91 959360174,9/3/2023,,,,,
C000095,sapna singh,F,60,95,Chennai,+91 744037831,5/21/2023,,,,,
C000096,rahul kumar rajak,M,48,96,Goa,+91 777038928,2/5/2023,,,,,
C000097,RAGHVENDRA BARANWAL,M,51,97,Hyderabad,+91 815771856,3/24/2023,,,,,
C000098,JITENDRA KUMAR,M,43,98,Kolkata,+91 784027770,6/7/2023,,,,,
C000099,Anvi Santhas,F,18,99,Delhi,+91 923603108,7/12/2024,,,,,
C000100,NEELIMA P K,F,58,100,Hyderabad,+91 712723695,7/18/2023,,,,,
C000101,MEENAKSHI KUMARI,F,30,101,Bengaluru,+91 801766526,10/25/2024,,,,,
C000102,SADHNA SWARAJ,F,63,102,Hyderabad,+91 777423459,9/29/2024,,,,,
C000103,RAVINDRA SINGH,M,41,103,Delhi,+91 883520751,5/28/2024,,,,,
C000104,kona nageendrababu,M,32,104,Delhi,+91 823436714,10/30/2023,,,,,
C000105,pankaj,M,61,105,Delhi,+91 835466434,3/23/2024,,,,,
C000106,MONIKA AGRAWAL,F,62,106,Delhi,+91 836474391,1/1/2025,,,,,
C000107,Shubham,M,53,107,Delhi,+91 715479439,8/12/2024,,,,,
C000108,RICHA SINGHAL,F,60,108,Kolkata,+91 789301310,7/30/2023,,,,,
C000109,JAJNA PRASAD SAHOO,M,56,109,Kolkata,+91 704333844,6/12/2023,,,,,
C000110,GAURAV SRIVASTAVA,M,61,110,Goa,+91 732343218,1/15/2024,,,,,
C000111,namrata dhawan,F,43,111,Pune,+91 985306490,5/9/2024,,,,,
C000112,MANSI SINGH,F,62,112,Goa,+91 912243349,7/17/2023,,,,,
C000113,YADALI PRATHYUSHA,F,23,113,Kolkata,+91 871196453,1/14/2023,,,,,
C000114,devendra seervi,M,38,114,Goa,+91 981380239,3/18/2023,,,,,
C000115,TASMEEM KHAN,F,35,115,Delhi,+91 730494749,6/24/2023,,,,,
C000116,Shyamji Dubey,M,55,116,Delhi,+91 850957378,10/26/2024,,,,,
C000117,ANIMA SWEETY BAGE,F,45,117,Chennai,+91 728400147,12/24/2024,,,,,
C000118,UTTAM RAI GUPTA,M,57,118,Goa,+91 786621002,12/14/2023,,,,,
C000119,amit kuamr pal,M,49,119,Mumbai,+91 952585474,3/7/2023,,,,,
C000120,NISHA LUDHANI,F,21,120,Chennai,+91 846081950,4/28/2023,,,,,
C000121,JYOTI KIRAN,F,24,121,Mumbai,+91 858832440,1/21/2023,,,,,
C000122,ANJALI KUMARI,F,58,122,Mumbai,+91 744840194,10/31/2024,,,,,
C000123,Kamlesh Banjare,M,40,123,Delhi,+91 954918996,7/17/2023,,,,,
C000124,ROCKY KUMAR,M,48,124,Delhi,+91 999208846,4/30/2024,,,,,
C000125,Monisha B S S,F,21,125,Hyderabad,+91 716411421,6/26/2024,,,,,
C000126,JULI SAHU,F,65,126,Hyderabad,+91 733006399,3/2/2024,,,,,
C000127,SUNIL KUMAR PARIDA,M,59,127,Delhi,+91 832464199,7/19/2023,,,,,
C000128,BHERULAL PRAJAPAT,M,47,128,Kolkata,+91 902965965,5/3/2023,,,,,
C000129,MONIKA CHAUHAN,F,30,129,Hyderabad,+91 847228770,10/18/2024,,,,,
C000130,NIHAR CHANDRA NAIK,M,56,130,Mumbai,+91 898700760,2/16/2023,,,,,
C000131,KRISHAN KANT SAINI,M,65,131,Hyderabad,+91 758930130,3/14/2023,,,,,
C000132,Vamsi Deep Teki,M,65,132,Kolkata,+91 846954592,3/10/2023,,,,,
C000133,ABAHY KUMAR,M,51,133,Goa,+91 986797061,5/27/2023,,,,,
C000134,ABHISHEK KUMAR,M,49,134,Delhi,+91 968207514,5/24/2023,,,,,
C000135,Asha Sharma,F,55,135,Delhi,+91 817525546,7/20/2023,,,,,
C000136,ANITA KUMARI,F,55,136,Bengaluru,+91 961407567,8/29/2024,,,,,
C000137,ANUJ AGARWAL,M,32,137,Chennai,+91 970466285,10/5/2023,,,,,
C000138,AKANKSHA SRIVASTAVA,F,35,138,Kolkata,+91 774046057,7/18/2024,,,,,
C000139,JAGADEESH BOMMISETTY,M,32,139,Pune,+91 872297778,11/20/2023,,,,,
C000140,SANGEETA JHA,F,32,140,Goa,+91 972785080,2/28/2023,,,,,
C000141,POOJA RAMU DHAGE,F,65,141,Delhi,+91 856175568,10/12/2023,,,,,
C000142,PRAKASH DAS MANIKPURI,M,42,142,Kolkata,+91 996007186,6/21/2023,,,,,
C000143,PRIYANK SAGAR,M,23,143,Delhi,+91 805606978,2/25/2023,,,,,
C000144,SACHIN KUMAR,M,64,144,Goa,+91 937149741,11/14/2024,,,,,
C000145,ABHAY GUPTA,M,29,145,Hyderabad,+91 724858973,3/10/2023,,,,,
C000146,SHRADHA PRAVEEN KATAKDHOND,F,39,146,Chennai,+91 932206571,3/27/2023,,,,,
C000147,PALLAVI GUPTA,F,47,147,Pune,+91 942837846,10/12/2024,,,,,
C000148,shashikant tiwari,M,31,148,Hyderabad,+91 734368233,8/19/2023,,,,,
C000149,RAKHESWAR KUNDU,M,48,149,Delhi,+91 701872850,8/5/2023,,,,,
C000150,GEETAM SINGH,M,20,150,Delhi,+91 806424248,8/23/2023,,,,,
C000151,pratik kumar,M,18,151,Pune,+91 846872505,1/16/2024,,,,,
C000152,PRADEEP BERA,M,31,152,Goa,+91 922876960,2/12/2023,,,,,
C000153,GANESH CHANDRA BEHERA,M,55,153,Hyderabad,+91 804702647,7/25/2023,,,,,
C000154,SUNITA RATHUAR,F,50,154,Pune,+91 973526756,3/10/2023,,,,,
C000155,NISHU KUMARI,F,53,155,Pune,+91 969900716,6/16/2023,,,,,
C000156,SARIKA SINGH KATIYAR,F,47,156,Delhi,+91 792684813,4/10/2023,,,,,
C000157,HARSHITHA N,F,20,157,Chennai,+91 960234014,1/30/2024,,,,,
C000158,Rahul Kumar,M,43,158,Chennai,+91 993227213,1/31/2024,,,,,
C000159,YAMINE VARSHENY,F,42,159,Hyderabad,+91 819623643,3/13/2023,,,,,
C000160,Rosaline Sahoo,F,54,160,Mumbai,+91 753042746,4/23/2023,,,,,
C000161,Anshu,M,18,161,Kolkata,+91 975546426,11/12/2023,,,,,
C000162,Abhinav kumar,M,47,162,Pune,+91 715474566,5/22/2023,,,,,
C000163,VEDULA POOJA,F,65,163,Goa,+91 961530248,5/8/2024,,,,,
C000164,PARUL THAKUR,F,37,164,Hyderabad,+91 746288993,4/23/2023,,,,,
C000165,KIRTI VERMA,F,37,165,Kolkata,+91 823449285,11/16/2024,,,,,
C000166,AYUSHI RAWAT,F,37,166,Pune,+91 925405693,12/29/2024,,,,,
C000167,CHINTHALAPALLI SIVA KUMARI,F,41,167,Goa,+91 884811220,5/19/2024,,,,,
C000168,bakdevi sarangi,F,44,168,Kolkata,+91 879959501,1/6/2025,,,,,
C000169,PALLISHREE SWAIN,F,27,169,Chennai,+91 871733764,7/3/2023,,,,,
C000170,PARESH KUMAR MISHRA,M,27,170,Bengaluru,+91 770698591,1/3/2023,,,,,
C000171,ABHA,F,41,171,Bengaluru,+91 816307606,11/1/2023,,,,,
C000172,KAMINI SRILAKSHMI,F,32,172,Goa,+91 742890224,8/6/2023,,,,,
C000173,KAVITA PANDEY,F,62,173,Goa,+91 738359939,7/19/2023,,,,,
C000174,ANJALI SHUKLA,F,27,174,Kolkata,+91 748965501,1/12/2024,,,,,
C000175,PRANJAL,M,18,175,Kolkata,+91 707512108,8/27/2024,,,,,
C000176,SHALINI VERMA,F,32,176,Pune,+91 873705916,8/24/2024,,,,,
C000177,SOUMITRA MOHAPATRA,M,53,177,Kolkata,+91 816319101,6/25/2023,,,,,
C000178,Mayank Sharma,M,25,178,Mumbai,+91 827654219,6/7/2024,,,,,
C000179,CHINCHU JOSE,F,60,179,Chennai,+91 953697759,4/27/2024,,,,,
C000180,PRERONA SARKAR,F,32,180,Mumbai,+91 937719320,10/13/2024,,,,,
C000181,Kiran Shankar Dutta,M,53,181,Kolkata,+91 737678333,2/11/2024,,,,,
C000182,DEEPAK GEHLOT,M,38,182,Goa,+91 889502955,9/14/2024,,,,,
C000183,rolee verma,F,33,183,Delhi,+91 969252844,12/13/2023,,,,,
C000184,RANJAN KUMAR JENA,M,58,184,Hyderabad,+91 842395417,12/13/2024,,,,,
C000185,ALEX ARPUTHANATHAN R,M,65,185,Bengaluru,+91 831979555,8/8/2023,,,,,
C000186,Chand Mondal,M,57,186,Goa,+91 729902892,12/28/2024,,,,,
C000187,ramesh gugulothu,M,58,187,Kolkata,+91 841785748,2/10/2023,,,,,
C000188,ABHAY KUMAR,M,53,188,Mumbai,+91 876449970,2/10/2023,,,,,
C000189,NITESH KUMAR GUPTA,M,56,189,Pune,+91 879006250,9/25/2023,,,,,
C000190,VIPUL RAJ,M,51,190,Hyderabad,+91 763348747,10/22/2024,,,,,
C000191,SHIVENDRA KUMAR TRIPATHI,M,33,191,Bengaluru,+91 838124091,9/1/2023,,,,,
C000192,PROSENJIT GHSOH,M,38,192,Goa,+91 854724291,12/7/2024,,,,,
C000193,JAGANNATH DAS,M,51,193,Goa,+91 792386566,3/2/2024,,,,,
C000194,Suryavamsi Saikumar,M,43,194,Kolkata,+91 895486753,3/11/2024,,,,,
C000195,shashi,F,26,195,Chennai,+91 787513519,5/21/2023,,,,,
C000196,SREEPARNA KHAN,F,54,196,Mumbai,+91 992823015,2/8/2023,,,,,
C000197,RAJ GAURAV,M,62,197,Delhi,+91 894184070,9/16/2023,,,,,
C000198,jyoti,F,57,198,Kolkata,+91 917540287,3/13/2023,,,,,
C000199,VIJAY LAXMI SAHU,F,25,199,Mumbai,+91 995032175,8/29/2023,,,,,
C000200,RAHUL KUMAR,M,22,200,Bengaluru,+91 729183276,9/24/2023,,,,,
C000201,anil kumar,M,58,201,Kolkata,+91 785201638,1/5/2024,,,,,
C000202,Chandana Ramanjaneyulu,M,35,202,Goa,+91 847624896,10/12/2024,,,,,
C000203,KIRAN PAL,F,40,203,Bengaluru,+91 700841669,10/31/2024,,,,,
C000204,MUDDADA HARI PRASAD,M,25,204,Pune,+91 808678498,7/25/2023,,,,,
C000205,JYOTI KOMAL MINZ,F,45,205,Bengaluru,+91 835212637,6/7/2024,,,,,
C000206,ABHISHEK RATAN,M,27,206,Bengaluru,+91 917866455,6/18/2023,,,,,
C000207,matla sivakrishna,M,65,207,Hyderabad,+91 808168558,3/18/2023,,,,,
C000208,niru kumari patel,F,48,208,Pune,+91 836121758,2/15/2024,,,,,
C000209,VIKRANT YADAV,M,52,209,Delhi,+91 700629295,4/7/2024,,,,,
C000210,Satyam,M,52,210,Bengaluru,+91 900174905,3/4/2024,,,,,
C000211,RAHUL PRABHAKAR,M,20,211,Bengaluru,+91 792552001,9/28/2023,,,,,
C000212,AJEET KUMAR,M,65,212,Delhi,+91 830767923,2/12/2024,,,,,
C000213,NEHA SINHA,F,29,213,Hyderabad,+91 927824045,10/15/2024,,,,,
C000214,ANURAG PRUSTY,M,61,214,Pune,+91 986397256,5/22/2024,,,,,
C000215,Arti Sengar,F,49,215,Bengaluru,+91 974952033,10/29/2023,,,,,
C000216,PRARTHANA PRIYADARSHINI,F,39,216,Kolkata,+91 861912872,12/25/2024,,,,,
C000217,Ankur Sharma,M,21,217,Mumbai,+91 733788490,9/13/2024,,,,,
C000218,MD HASIB HASAN,M,63,218,Delhi,+91 953199917,7/16/2023,,,,,
C000219,Priya Sharma,F,18,219,Pune,+91 729993639,1/17/2023,,,,,
C000220,AMIT ANAND,M,54,220,Delhi,+91 960739970,1/30/2023,,,,,
C000221,JAGDISH,M,33,221,Kolkata,+91 967324742,12/5/2023,,,,,
C000222,PRABHAT KUMAR,M,28,222,Kolkata,+91 913717037,4/12/2024,,,,,
C000223,Richa Shukla,F,52,223,Pune,+91 714853386,2/29/2024,,,,,
C000224,NISHI SINGH,F,22,224,Delhi,+91 712777610,4/16/2024,,,,,
C000225,ANKIT AGNIHOTRI,M,18,225,Pune,+91 906329746,11/15/2024,,,,,
C000226,CHADA VISHNUVARDAN,M,23,226,Bengaluru,+91 971017103,6/5/2024,,,,,
C000227,AVINASH KUMAR PANDEY,M,58,227,Pune,+91 784585774,8/9/2023,,,,,
C000228,ANUPAMA SAHOO,F,43,228,Delhi,+91 845390142,7/9/2023,,,,,
C000229,"SAMANTHALA REKHA PADMA
KUSADWAJA NAIDU",F,37,229,Mumbai,+91 721712077,9/2/2024,,,,,
C000230,M SURYA PRAKASH,M,27,230,Mumbai,+91 864800537,10/24/2023,,,,,
C000231,MURUGULA SAI SANDEEP,M,23,231,Kolkata,+91 796665282,4/3/2023,,,,,
C000232,TUSHAR KUMAR,M,54,232,Bengaluru,+91 932800089,4/15/2023,,,,,
C000233,D SRINIVAS,M,43,233,Kolkata,+91 938709170,7/19/2024,,,,,
C000234,AVINASH SHARMA,M,46,234,Delhi,+91 998270227,1/25/2023,,,,,
C000235,SOUVIK DAS,M,38,235,Goa,+91 749286048,10/5/2023,,,,,
C000236,YANAMADALA VENKATA SATYA SRUTHI,F,31,236,Pune,+91 727376918,3/16/2024,,,,,
C000237,ABHISHEK GUPTA,M,31,237,Chennai,+91 851724141,1/9/2024,,,,,
C000238,SMRUTI PARIMITA,F,56,238,Delhi,+91 938893583,1/19/2025,,,,,
C000239,AJAY KUMAR VIMAL,M,29,239,Pune,+91 722440963,4/7/2023,,,,,
C000240,VIRENDRA KUMAR,M,57,240,Goa,+91 766008620,7/31/2023,,,,,
C000241,Mohd shariq,M,53,241,Bengaluru,+91 890645684,10/16/2024,,,,,
C000242,jitendra singh,M,22,242,Mumbai,+91 994173318,1/21/2024,,,,,
C000243,KISHAN KUMAR SETH,M,36,243,Hyderabad,+91 960050587,4/9/2024,,,,,
C000244,MRADU GOYAL,F,35,244,Delhi,+91 731124146,2/22/2024,,,,,
C000245,AMUDALA GIRISH,M,54,245,Chennai,+91 784654920,11/4/2023,,,,,
C000246,SALONI,F,52,246,Chennai,+91 855982716,7/30/2024,,,,,
C000247,lokesh patel,M,51,247,Delhi,+91 930457228,4/23/2023,,,,,
C000248,Abhishek Pariyar,M,41,248,Goa,+91 908741933,1/20/2024,,,,,
C000249,ACHIN BHUNIA,M,45,249,Kolkata,+91 700280446,12/12/2023,,,,,
C000250,BHOOP SINGH,M,26,250,Pune,+91 973356883,12/10/2024,,,,,
C000251,BHANU PRATAP,M,60,251,Pune,+91 744204900,12/9/2023,,,,,
C000252,DEVENDRA DEO,M,58,252,Mumbai,+91 908230551,12/7/2024,,,,,
C000253,sudha,F,33,253,Pune,+91 987345291,1/9/2024,,,,,
C000254,ANJALI KHATKAR,F,26,254,Bengaluru,+91 877219521,2/27/2023,,,,,
C000255,KANHU PRASAD PANDA,M,21,255,Bengaluru,+91 733527562,11/10/2024,,,,,
C000256,AMIT KUMAR,M,53,256,Delhi,+91 772436642,6/22/2023,,,,,
C000257,ELUKUNTLA GAYATHRI,F,60,257,Kolkata,+91 861404126,2/28/2023,,,,,
C000258,hamsi iyer,F,37,258,Bengaluru,+91 780798196,5/23/2023,,,,,
C000259,yamini pandey,F,27,259,Goa,+91 886168879,10/5/2024,,,,,
C000260,JYOTSNA BHATT,F,48,260,Bengaluru,+91 930106005,9/4/2023,,,,,
C000261,NEERAJ KUMAR,M,32,261,Delhi,+91 913316311,8/2/2024,,,,,
C000262,SHANU GOSWAMI,F,56,262,Hyderabad,+91 832399113,5/9/2023,,,,,
C000263,SWARN PROMA,F,42,263,Pune,+91 763147751,6/20/2023,,,,,
C000264,MONANGI BHOLANATH,M,55,264,Bengaluru,+91 910813050,9/5/2023,,,,,
C000265,DATLA JAGANMOHAN REDDY,M,37,265,Mumbai,+91 972584993,5/16/2023,,,,,
C000266,DHIRENDRA KUMAR TIWARI,M,25,266,Mumbai,+91 788821570,11/8/2023,,,,,
C000267,ASHUTOSH CHANDRA,M,18,267,Pune,+91 823002702,1/29/2023,,,,,
C000268,RAJEEV RANJAN,M,43,268,Kolkata,+91 792726095,3/15/2024,,,,,
C000269,ABHIJIT KUMAR,M,62,269,Chennai,+91 910711622,6/12/2024,,,,,
C000270,SAURAV RAJ SONI,M,65,270,Delhi,+91 770377068,12/4/2024,,,,,
C000271,KONDLEPU SRIJA,F,51,271,Kolkata,+91 891281499,3/23/2023,,,,,
C000272,HARSHA MALVI,F,64,272,Bengaluru,+91 906015949,3/18/2024,,,,,
C000273,ASHISH KUMAR SINGH,M,42,273,Hyderabad,+91 952885334,8/6/2023,,,,,
C000274,DEBI PRASAD SAHOO,M,26,274,Hyderabad,+91 910276330,2/5/2024,,,,,
C000275,Asit Kumar Mohanty,M,63,275,Delhi,+91 881049876,7/29/2024,,,,,
C000276,krishna pratap singh,M,64,276,Pune,+91 743135652,12/13/2023,,,,,
C000277,NEHA KUMARI,F,23,277,Chennai,+91 742756264,3/20/2024,,,,,
C000278,prem kanwar,F,46,278,Hyderabad,+91 990337373,3/7/2024,,,,,
C000279,AMMANABOLU SRAVYA,F,34,279,Delhi,+91 815470933,9/24/2024,,,,,
C000280,DESHRAJ MEENA,M,28,280,Goa,+91 821825487,3/18/2024,,,,,
C000281,VIJAY KUMAR,M,59,281,Hyderabad,+91 728956676,2/28/2023,,,,,
C000282,Navya Kiran K,F,24,282,Mumbai,+91 713357021,3/27/2023,,,,,
C000283,ANIL KUMAR,M,33,283,Mumbai,+91 727393712,2/19/2024,,,,,
C000284,amit rawani,M,33,284,Kolkata,+91 868070447,1/17/2025,,,,,
C000285,SRIKRISHNA MISRA,M,43,285,Pune,+91 780721880,11/10/2023,,,,,
C000286,KULDEEP JANGIR,M,45,286,Hyderabad,+91 794095029,10/13/2024,,,,,
C000287,CHITRA,F,52,287,Bengaluru,+91 848454430,7/7/2023,,,,,
C000288,Ajay kumar singh,M,33,288,Hyderabad,+91 717830981,1/10/2023,,,,,
C000289,shailesh kumar agrawal,M,52,289,Bengaluru,+91 934227150,1/23/2025,,,,,
C000290,DARLA MEGHANA,F,56,290,Hyderabad,+91 852114996,6/29/2023,,,,,
C000291,RAHUL DEWANGAN,M,28,291,Pune,+91 925400004,7/4/2024,,,,,
C000292,ANKITA MARWAL,F,38,292,Delhi,+91 811083055,12/7/2023,,,,,
C000293,SRADHA SATAPATHY,F,57,293,Chennai,+91 753513723,2/9/2024,,,,,
C000294,neha verma,F,39,294,Bengaluru,+91 853885260,12/5/2024,,,,,
C000295,ANJANA C,F,36,295,Delhi,+91 978583090,10/18/2024,,,,,
C000296,JIGAR,M,18,296,Delhi,+91 792205182,6/5/2024,,,,,
C000297,NIRMAL KUMAR,M,53,297,Goa,+91 752030613,3/29/2023,,,,,
C000298,SUPRIYA PRIYADARSINI,F,24,298,Goa,+91 836542119,7/12/2023,,,,,
C000299,ROHIT KUMAR SHARMA,M,63,299,Goa,+91 705321568,7/27/2024,,,,,
C000300,GURSAHIB SINGH BHATIA,M,38,300,Hyderabad,+91 847874110,4/30/2023,,,,,
C000301,ARINDAM BHATTACHARYA,M,61,301,Goa,+91 727123791,11/11/2023,,,,,
C000302,SEPHALI CHOUDHURY,F,61,302,Pune,+91 786338323,4/13/2023,,,,,
C000303,MANISHA MEENA,F,48,303,Chennai,+91 780968493,8/15/2024,,,,,
C000304,Prantik Roy,M,65,304,Chennai,+91 932426890,12/7/2023,,,,,
C000305,MONIKA MEENA,F,56,305,Goa,+91 726519205,1/28/2024,,,,,
C000306,KAMAL SINGH BISHT,M,41,306,Delhi,+91 704853753,6/18/2023,,,,,
C000307,Shubham Parashar,M,47,307,Pune,+91 919441801,3/15/2024,,,,,
C000308,ROHIT TULSYAN,M,56,308,Mumbai,+91 810541208,12/12/2024,,,,,
C000309,MANISHA MARIYAM,F,39,309,Mumbai,+91 838879753,3/3/2023,,,,,
C000310,NIKHIL CHITNAVIS,M,24,310,Bengaluru,+91 949044655,2/10/2023,,,,,
C000311,APARNA SURENDRAN,F,62,311,Goa,+91 776780467,11/8/2024,,,,,
C000312,VEMARTHI RAJASEKHAR,M,38,312,Mumbai,+91 794252869,8/26/2023,,,,,
C000313,MONIKA MUKHERJEE,F,43,313,Chennai,+91 982200743,2/19/2023,,,,,
C000314,SANYOGITA SUHANE,F,33,314,Goa,+91 947057440,12/14/2023,,,,,
C000315,SADANAN PATEL,M,45,315,Pune,+91 915404618,11/19/2023,,,,,
C000316,ARISETTY BHASKAR RAO,M,42,316,Hyderabad,+91 973439731,5/13/2023,,,,,
C000317,SANDEEP KUMAR,M,59,317,Pune,+91 765428310,11/29/2024,,,,,
C000318,Suman Ranjita Singh,F,24,318,Goa,+91 897611675,3/19/2023,,,,,
C000319,ANURAG NAYEK,M,48,319,Bengaluru,+91 945156659,10/24/2023,,,,,
C000320,RAGHAVENDRA SINGH,M,61,320,Hyderabad,+91 855396743,10/30/2023,,,,,
C000321,POONAM,F,56,321,Bengaluru,+91 920884665,7/31/2024,,,,,
C000322,Ankem Kavya,F,57,322,Hyderabad,+91 723481621,7/9/2024,,,,,
C000323,SATHE SHITAL SHIVAJI,F,42,323,Delhi,+91 957943122,2/4/2023,,,,,
C000324,VIJAY KUMAR,M,58,324,Mumbai,+91 939969221,4/27/2023,,,,,
C000325,SAVARA SHANMUKHA RAO,M,45,325,Goa,+91 744549027,6/3/2024,,,,,
C000326,JAYA BUNDELA,F,65,326,Goa,+91 949417478,8/22/2024,,,,,
C000327,Deep Agarwal,M,59,327,Bengaluru,+91 705077250,5/30/2024,,,,,
C000328,SNEHA DEEP SINGH,F,62,328,Kolkata,+91 799568152,7/13/2023,,,,,
C000329,ASHWANI ARORA,M,55,329,Bengaluru,+91 977508513,4/18/2023,,,,,
C000330,MOHAMEDNAWAS,M,19,330,Kolkata,+91 742906297,7/25/2024,,,,,
C000331,ANSHUL NAUTIYAL,M,64,331,Goa,+91 932928472,12/5/2024,,,,,
C000332,DEEPSHIKHA RAWAT,F,65,332,Goa,+91 854482747,1/2/2024,,,,,
C000333,astha goel,F,26,333,Delhi,+91 969029316,8/1/2024,,,,,
C000334,RABINDRA BAITHA,M,21,334,Pune,+91 765748032,8/18/2024,,,,,
C000335,SURENDRA KALUNDIA,M,33,335,Mumbai,+91 810442811,7/25/2024,,,,,
C000336,MITHILESH KUMAR,M,58,336,Goa,+91 709962200,5/28/2023,,,,,
C000337,BANDANA RAJPOOT,F,20,337,Kolkata,+91 980952051,12/5/2024,,,,,
C000338,Agam Pandey,M,52,338,Bengaluru,+91 766840335,9/10/2023,,,,,
C000339,MD RIAZUDDIN,M,18,339,Goa,+91 736035994,9/26/2024,,,,,
C000340,sabyasachi mohanty,M,46,340,Goa,+91 993224101,6/1/2024,,,,,
C000341,SRILOKANATH DALAI,M,20,341,Hyderabad,+91 714230432,4/7/2024,,,,,
C000342,PARTHA KRISHNA DEBNATH,M,42,342,Delhi,+91 882017150,2/14/2024,,,,,
C000343,alka gupta,F,27,343,Bengaluru,+91 945849082,7/10/2023,,,,,
C000344,NISHANT,M,26,344,Kolkata,+91 979657575,1/7/2023,,,,,
C000345,SANJANA VENKATESWARAN,F,40,345,Mumbai,+91 987186044,2/28/2023,,,,,
C000346,sanjib kalita,M,22,346,Pune,+91 850404672,3/24/2024,,,,,
C000347,PRITIBHA DEVI,F,53,347,Goa,+91 957270352,1/12/2024,,,,,
C000348,Anjum Parveen,F,48,348,Delhi,+91 941715308,12/3/2023,,,,,
C000349,ABHINAY KUMAR,M,21,349,Pune,+91 885328942,4/24/2024,,,,,
C000350,DIVYA MITTAL,F,20,350,Mumbai,+91 728047886,12/1/2023,,,,,
C000351,HIMANI UTSAV,M,54,351,Pune,+91 784794743,10/28/2024,,,,,
C000352,VIJAYALAKSHMI A,F,64,352,Hyderabad,+91 928891156,11/15/2023,,,,,
C000353,HARSHITA SAXENA,F,65,353,Kolkata,+91 822966035,4/10/2024,,,,,
C000354,ANAMIKA,F,37,354,Chennai,+91 814685183,7/17/2023,,,,,
C000355,Suranya Koner,F,44,355,Delhi,+91 801562711,12/7/2024,,,,,
C000356,monalisa sahoo,F,47,356,Pune,+91 865618620,12/30/2024,,,,,
C000357,NISHTHA CHOUBISA,F,22,357,Hyderabad,+91 848150088,3/19/2024,,,,,
C000358,UTKARSH SHARMA,M,20,358,Chennai,+91 752929417,7/25/2023,,,,,
C000359,MAHESHKUMAR SHARMA,M,49,359,Goa,+91 827670538,5/30/2024,,,,,
C000360,VISHAKHA MEENA,F,22,360,Kolkata,+91 728061865,10/22/2023,,,,,
C000361,MADHU MEENA,F,54,361,Hyderabad,+91 793949617,5/3/2024,,,,,
C000362,ARCHANA KUMARI,F,22,362,Chennai,+91 818454312,11/7/2024,,,,,
C000363,ANURADHA RANJAN,F,46,363,Delhi,+91 707005801,5/7/2024,,,,,
C000364,kaushal kumar,M,51,364,Mumbai,+91 902042048,5/28/2024,,,,,
C000365,BEDAMATI NAYAK,F,19,365,Bengaluru,+91 764807591,7/20/2023,,,,,
C000366,KRISHNAMURTHY VIDYALAKSHMI,F,43,366,Goa,+91 987511187,10/12/2023,,,,,
C000367,KIRAN KUMARI,F,18,367,Bengaluru,+91 799802106,12/6/2023,,,,,
C000368,RITHU J PETERS,F,51,368,Bengaluru,+91 903627126,5/29/2024,,,,,
C000369,SHUBHAM BARANWAL,M,41,369,Kolkata,+91 970478778,11/21/2023,,,,,
C000370,PAPPOO YADAV,M,31,370,Goa,+91 856530555,6/29/2024,,,,,
C000371,Aiswarya M,F,60,371,Bengaluru,+91 783599399,3/21/2023,,,,,
C000372,NEERAJ KUMAR PANDEY,M,45,372,Kolkata,+91 775254254,1/14/2025,,,,,
C000373,THUSHARA P,F,50,373,Chennai,+91 873770409,6/1/2023,,,,,
C000374,ANKIT KANAUJIA,M,24,374,Delhi,+91 843603314,11/26/2024,,,,,
C000375,AAKANKSHA RAWAT,F,23,375,Delhi,+91 874653085,1/14/2025,,,,,
C000376,Abhinay Singh,M,21,376,Mumbai,+91 911039358,12/10/2023,,,,,
C000377,Nayna Ashokrao Bansod,F,21,377,Bengaluru,+91 831657681,12/25/2024,,,,,
C000378,SAMEER XALXO,M,46,378,Mumbai,+91 816518272,4/22/2023,,,,,
C000379,M.Madhavi,F,32,379,Delhi,+91 986867680,1/4/2024,,,,,
C000380,ARPITA  MALLICK,F,50,380,Bengaluru,+91 811492001,12/6/2023,,,,,
C000381,SWETA RANI,F,27,381,Mumbai,+91 745668265,10/11/2024,,,,,
C000382,Narendra Kumar,M,56,382,Mumbai,+91 951789824,7/29/2024,,,,,
C000383,MANJEET KUMAR GUPTA,M,39,383,Delhi,+91 701348746,4/1/2024,,,,,
C000384,BANTI,F,63,384,Hyderabad,+91 897388453,4/9/2024,,,,,
C000385,ANJALI GAUTAM,F,53,385,Hyderabad,+91 912154625,11/22/2024,,,,,
C000386,Menka Mishra,F,35,386,Goa,+91 888503204,2/18/2024,,,,,
C000387,Neha Gupta,F,46,387,Chennai,+91 821361073,1/26/2025,,,,,
C000388,"MATTIGUNTA VENKATA LAKSHMI
SIREESHA",F,20,388,Pune,+91 738843551,12/30/2023,,,,,
C000389,SUJEET KUMAR,M,19,389,Hyderabad,+91 964043459,6/21/2024,,,,,
C000390,DEV KUMAR TARAM,M,27,390,Pune,+91 802587717,7/19/2023,,,,,
C000391,madhurendra ranjan,M,38,391,Delhi,+91 811888858,8/11/2023,,,,,
C000392,Parul Chaudhary,F,21,392,Bengaluru,+91 800360494,6/18/2023,,,,,
C000393,MARFATIA VAIBHAV JAYESHBHAI,M,28,393,Kolkata,+91 901155770,7/7/2023,,,,,
C000394,BISHNU NARAYAN MOHAPATRA,M,55,394,Chennai,+91 958571592,10/3/2023,,,,,
C000395,pankaj kumar,M,65,395,Chennai,+91 768127322,2/16/2024,,,,,
C000396,THATIPALLI AJAY KUMAR,M,49,396,Kolkata,+91 898958835,6/20/2024,,,,,
C000397,Aakrati Saroj,F,45,397,Goa,+91 820194327,1/23/2024,,,,,
C000398,DIXIT ARYA,M,31,398,Mumbai,+91 876512910,5/15/2023,,,,,
C000399,NEHA ARORA,F,52,399,Kolkata,+91 972159772,10/23/2024,,,,,
C000400,AVANTI EKRE,F,28,400,Chennai,+91 803695906,11/11/2024,,,,,
C000401,SPRIHA GUPTA,F,27,401,Pune,+91 838759651,5/10/2023,,,,,
C000402,Chagaleti Chenna krishna Reddy,M,47,402,Delhi,+91 988539448,10/25/2024,,,,,
C000403,Ananya Shubhadarsinee,F,36,403,Bengaluru,+91 772610979,4/25/2023,,,,,
C000404,SANJAY PATEL,M,25,404,Hyderabad,+91 854266547,12/21/2024,,,,,
C000405,KSHIRODRA MEHER,M,44,405,Mumbai,+91 919888281,5/12/2023,,,,,
C000406,GANGASANI VIJAYA KRISHNA REDDY,M,20,406,Kolkata,+91 795960664,1/22/2024,,,,,
C000407,BANOTH SINDHUJA,F,27,407,Mumbai,+91 756032449,5/28/2024,,,,,
C000408,abhinav agarwal,M,36,408,Chennai,+91 860102000,3/31/2023,,,,,
C000409,SHYAM DHAR,M,57,409,Kolkata,+91 774129523,4/10/2024,,,,,
C000410,SAKSHI MISHRA,F,19,410,Chennai,+91 878320015,5/13/2023,,,,,
C000411,Ritwik Dash,M,61,411,Goa,+91 809026040,12/22/2024,,,,,
C000412,shubhi srivastava,F,36,412,Mumbai,+91 774166801,5/23/2023,,,,,
C000413,KOTLA ANAND KUMAR REDDY,M,30,413,Kolkata,+91 788408506,9/10/2023,,,,,
C000414,chinta anyula,F,30,414,Delhi,+91 764506804,4/19/2024,,,,,
C000415,SANYOGITA KUMARI MAHTO,F,53,415,Pune,+91 732179030,8/10/2024,,,,,
C000416,Sandhya Sharma,F,22,416,Delhi,+91 886316868,4/4/2024,,,,,
C000417,NITIN PRAKASH SINGH,M,43,417,Bengaluru,+91 980819512,1/12/2025,,,,,
C000418,vishakha shahane,F,26,418,Mumbai,+91 933954182,1/26/2023,,,,,
C000419,SHIKHA ORAM,F,21,419,Chennai,+91 945283903,8/29/2024,,,,,
C000420,SUJEETA BISWAS,F,47,420,Bengaluru,+91 710114118,7/10/2023,,,,,
C000421,CHINTA SARAT,M,55,421,Kolkata,+91 773651690,5/13/2024,,,,,
C000422,BABU P,M,33,422,Chennai,+91 756061275,12/25/2024,,,,,
C000423,NITU KUMARI,F,28,423,Pune,+91 934561419,7/15/2024,,,,,
C000424,Viswanatham Bala Bhavana,F,34,424,Mumbai,+91 915688692,11/10/2024,,,,,
C000425,ANCHITA KUSHWAHA,F,39,425,Chennai,+91 838565538,3/9/2023,,,,,
C000426,KIRTI SHANKAR SHARMA,M,37,426,Pune,+91 936443467,1/29/2023,,,,,
C000427,ANKIT SATSANGI,M,42,427,Chennai,+91 918158589,6/27/2024,,,,,
C000428,PRAVEEN KUMAR,M,32,428,Kolkata,+91 818199884,4/12/2023,,,,,
C000429,VIKASH KUMAR,M,65,429,Delhi,+91 960084476,5/8/2023,,,,,
C000430,Suchismita Mishra,F,57,430,Pune,+91 930861908,11/21/2023,,,,,
C000431,BHAWANA SINGH,F,37,431,Bengaluru,+91 857918592,8/11/2023,,,,,
C000432,SMRUTI RANJAN BISWAL,M,27,432,Chennai,+91 781292621,2/17/2023,,,,,
C000433,RITU RAJ,M,38,433,Delhi,+91 912050079,10/9/2023,,,,,
C000434,NEETU YADAV,F,64,434,Pune,+91 890844720,6/15/2023,,,,,
C000435,NIRANJANA S,F,53,435,Chennai,+91 912248482,8/23/2024,,,,,
C000436,Akash Kumar,M,48,436,Delhi,+91 823027293,11/16/2024,,,,,
C000437,Alok Negi,M,23,437,Delhi,+91 737615250,3/28/2024,,,,,
C000438,Swati Sinha,F,38,438,Kolkata,+91 703051035,6/11/2024,,,,,
C000439,SUSANT KUMAR MAJHI,M,42,439,Delhi,+91 730337974,5/25/2024,,,,,
C000440,NAGENDR REDDY N,M,28,440,Pune,+91 788445769,9/27/2024,,,,,
C000441,PRIYANKA NYOL,F,62,441,Kolkata,+91 833732741,5/11/2023,,,,,
C000442,kritika agrawal,F,63,442,Chennai,+91 805245739,2/28/2024,,,,,
C000443,ARVIND,M,39,443,Bengaluru,+91 818785234,2/12/2023,,,,,
C000444,ETAMSETTI LAKSHMI,F,52,444,Kolkata,+91 935069371,1/3/2025,,,,,
C000445,SUMIT KUMAR,M,41,445,Goa,+91 705179527,12/27/2023,,,,,
C000446,SAYANTAN SATAPATHY,M,40,446,Delhi,+91 904579564,9/27/2024,,,,,
C000447,JAGADISH,M,38,447,Mumbai,+91 924823034,3/4/2024,,,,,
C000448,SOUMEN BHAKTA,M,63,448,Hyderabad,+91 780344159,3/29/2024,,,,,
C000449,PEDABALLE PRAMIKA REDDY,F,43,449,Bengaluru,+91 845104033,10/2/2024,,,,,
C000450,BARUN KUMAR DASH,M,65,450,Chennai,+91 854016547,8/31/2023,,,,,
C000451,ayazahmad khan,M,61,451,Goa,+91 856780115,10/23/2023,,,,,
C000452,seroja minz,F,27,452,Goa,+91 998428181,3/23/2024,,,,,
C000453,ANITA EVANE,F,35,453,Chennai,+91 969995628,7/31/2024,,,,,
C000454,VISHAKHA GARG,F,46,454,Kolkata,+91 916442507,2/8/2024,,,,,
C000455,CHETAN KUMAR,M,40,455,Pune,+91 944880198,11/5/2024,,,,,
C000456,HARVIR SINGH,M,51,456,Hyderabad,+91 731699240,1/13/2023,,,,,
C000457,NARAYANAPURAM BHAGYALAKSHMI,F,22,457,Mumbai,+91 813241138,2/13/2023,,,,,
C000458,SUDEEPA MAJHI,F,38,458,Mumbai,+91 934882457,11/2/2023,,,,,
C000459,SHALU MAHIPAL,F,65,459,Kolkata,+91 749952255,8/5/2024,,,,,
C000460,YALAMATI HEMANTH KUMAR,M,58,460,Goa,+91 778231389,9/14/2024,,,,,
C000461,ALOK SONKAR,M,20,461,Mumbai,+91 973435667,2/21/2023,,,,,
C000462,MANORANJAN DAS,M,28,462,Goa,+91 851072847,4/20/2023,,,,,
C000463,Vaibhav singh,M,50,463,Chennai,+91 847386859,4/17/2023,,,,,
C000464,SREERAM VENKATA KRISHNA SINDHUJA,F,38,464,Delhi,+91 966928012,2/5/2024,,,,,
C000465,SONALI ACHARYA,F,53,465,Kolkata,+91 910360513,10/14/2024,,,,,
C000466,GUDA BHARATHMADHAVA REDDY,M,29,466,Pune,+91 917855193,7/25/2023,,,,,
C000467,sanchit saluja,M,26,467,Delhi,+91 837849146,10/19/2023,,,,,
C000468,SATYENDRA SINGH BAGRI,M,43,468,Mumbai,+91 980633700,1/13/2023,,,,,
C000469,NIKITA,F,20,469,Mumbai,+91 777502648,4/13/2024,,,,,
C000470,TUSHAR RANJAN BEHERA,M,33,470,Bengaluru,+91 722585793,1/23/2025,,,,,
C000471,Swagatika Sarangi,M,40,471,Kolkata,+91 811230938,4/10/2024,,,,,
C000472,SUBHASHINI M,F,55,472,Mumbai,+91 778699078,9/4/2024,,,,,
C000473,B Shobarani,F,23,473,Chennai,+91 705507340,4/14/2023,,,,,
C000474,Keshav Goyal,M,57,474,Chennai,+91 734800677,3/17/2024,,,,,
C000475,Ashlesha Deotale,F,47,475,Hyderabad,+91 909624027,6/20/2024,,,,,
C000476,AVINASH DUBEY,M,43,476,Delhi,+91 951598313,5/25/2023,,,,,
C000477,DEEPAK KUMAR,M,65,477,Mumbai,+91 877113247,5/28/2023,,,,,
C000478,SRIPADMA,F,27,478,Hyderabad,+91 960520597,3/4/2023,,,,,
C000479,Rajnish Kumar,M,22,479,Pune,+91 983037838,4/12/2024,,,,,
C000480,tejasvi sharma,M,26,480,Bengaluru,+91 833220341,6/9/2023,,,,,
C000481,RISHIKESH KUMAR JAISWAL,M,45,481,Hyderabad,+91 977416309,12/15/2023,,,,,
C000482,JOTHI NETHESHA M.R,F,35,482,Kolkata,+91 971786753,8/28/2024,,,,,
C000483,Booshipally Nagireddy,M,22,483,Delhi,+91 862173863,6/28/2023,,,,,
C000484,preeti kumari sahu,F,22,484,Chennai,+91 912478024,11/25/2023,,,,,
C000485,MAUSUMI MISHRA,F,36,485,Pune,+91 815544053,3/4/2024,,,,,
C000486,kavya,F,50,486,Hyderabad,+91 996737221,1/5/2025,,,,,
C000487,ASHOK KUMAR CHOUDHARY,M,51,487,Mumbai,+91 934109669,1/10/2024,,,,,
C000488,sobhan mishra,M,49,488,Bengaluru,+91 886364768,2/17/2023,,,,,
C000489,Fayis.K,M,21,489,Goa,+91 954294676,6/5/2023,,,,,
C000490,PRABHAT RANJAN CHAND KAUSHIK,M,51,490,Chennai,+91 938127804,3/22/2024,,,,,
C000491,TALUPULA SRAVANI DURGA,F,40,491,Kolkata,+91 944205625,3/28/2024,,,,,
C000492,abu osama,M,31,492,Chennai,+91 985981900,1/18/2025,,,,,
C000493,Gundabathini Rakesh,M,52,493,Mumbai,+91 849782731,5/5/2024,,,,,
C000494,Nidhi,M,47,494,Kolkata,+91 762090671,10/5/2023,,,,,
C000495,BHUKYA RAJESH,M,60,495,Delhi,+91 997257301,11/29/2024,,,,,
C000496,KAJAL,F,58,496,Pune,+91 927869391,4/16/2023,,,,,
C000497,Rishabhdev,M,34,497,Pune,+91 806011097,9/27/2023,,,,,
C000498,DEBASHREE GANTAYAT,F,62,498,Delhi,+91 736933870,12/17/2023,,,,,
C000499,SUPRITI BERA,F,36,499,Pune,+91 843304324,10/14/2023,,,,,
C000500,J VINAY KUMAR,M,22,500,Hyderabad,+91 836959361,11/27/2023,,,,,
C000501,SHOBIT PORWAL,M,36,501,Bengaluru,+91 717085409,5/26/2023,,,,,
C000502,namrata singh,F,34,502,Goa,+91 994423750,9/13/2024,,,,,
C000503,BONTHU SAGAR BABU,M,61,503,Chennai,+91 748413695,11/16/2023,,,,,
C000504,ANITA YADAV,F,41,504,Kolkata,+91 724865012,2/16/2023,,,,,
C000505,UMESH CHAND BIND,M,50,505,Pune,+91 792365594,11/30/2024,,,,,
C000506,SAKSHI SINGH,F,52,506,Chennai,+91 703104488,10/31/2024,,,,,
C000507,Gouni Sagarika,F,19,507,Kolkata,+91 915510782,10/15/2024,,,,,
C000508,KUMAR ABHIYODAY,M,38,508,Mumbai,+91 900630953,7/11/2024,,,,,
C000509,SMRUTI SWAGATIKA SAHOO,F,35,509,Delhi,+91 964403733,4/27/2023,,,,,
C000510,SUBRAT KUMAR MUDULI,M,50,510,Hyderabad,+91 871802157,6/22/2024,,,,,
C000511,SATYENDRA KUMAR SINGH,M,42,511,Hyderabad,+91 984603821,5/15/2023,,,,,
C000512,SWATI SUBRATA BHATTA,F,32,512,Pune,+91 970051350,5/28/2023,,,,,
C000513,Anamika Lodh,F,53,513,Mumbai,+91 972810930,9/25/2024,,,,,
C000514,RAGHAVENDRA TARN KUMAR GATTEM,M,53,514,Bengaluru,+91 714457920,10/8/2023,,,,,
C000515,SHIKHA BHOJ,F,46,515,Pune,+91 724407249,10/5/2023,,,,,
C000516,AKANKSHA SHARMA,F,58,516,Kolkata,+91 859142738,1/25/2024,,,,,
C000517,PRASEN MISHRA,M,59,517,Kolkata,+91 734894642,3/8/2023,,,,,
C000518,IMTIAZ AHMED,M,63,518,Hyderabad,+91 838850561,9/19/2024,,,,,
C000519,SUBHASHREE MOHANTY,F,53,519,Hyderabad,+91 790162226,4/5/2024,,,,,
C000520,DEEPAK UPADHYAY,M,42,520,Bengaluru,+91 965307108,10/3/2024,,,,,
C000521,BANDITA SAHU,F,21,521,Delhi,+91 771543159,5/17/2024,,,,,
C000522,MUSHEER AHMAD,M,51,522,Chennai,+91 831852090,1/11/2025,,,,,
C000523,NEETHA R,F,28,523,Kolkata,+91 730270130,9/19/2024,,,,,
C000524,SWAGATIKA MOHANTY,F,49,524,Chennai,+91 796580496,12/10/2024,,,,,
C000525,SANJAY KUMAR MOHAPATRA,M,54,525,Mumbai,+91 754265448,10/7/2024,,,,,
C000526,SACHCHIDANAND MODANWAL,M,39,526,Pune,+91 752995095,7/10/2024,,,,,
C000527,SINDHU PRASAD BISWAL,M,43,527,Kolkata,+91 934391142,4/7/2023,,,,,
C000528,MANISH P. CHAVDA,M,38,528,Pune,+91 842668710,5/31/2024,,,,,
C000529,VISHAKHA BHATIA,F,43,529,Mumbai,+91 805288806,9/13/2023,,,,,
C000530,NidhiSharma,F,45,530,Mumbai,+91 957034599,6/21/2024,,,,,
C000531,Nitin Debashish,M,45,531,Pune,+91 817419771,12/10/2024,,,,,
C000532,NAVEEN KUMAR AVASTHI,M,60,532,Delhi,+91 748273606,3/13/2023,,,,,
C000533,RAMAVATH SNEHA BINDU,F,34,533,Bengaluru,+91 792781274,11/20/2023,,,,,
C000534,MALAY KUMAR BEHERA,M,57,534,Goa,+91 847309318,1/20/2023,,,,,
C000535,ashwani yadav,M,34,535,Goa,+91 715137469,4/18/2023,,,,,
C000536,AAKANKSHA SHRIVAS,F,28,536,Delhi,+91 965472999,11/9/2023,,,,,
C000537,praveen babu,M,57,537,Goa,+91 753217159,5/9/2024,,,,,
C000538,RESMIMOL A R,F,55,538,Bengaluru,+91 845807476,10/11/2024,,,,,
C000539,VIKAS TOMAR,M,53,539,Mumbai,+91 969214854,1/10/2024,,,,,
C000540,RAVI KUMAR,M,41,540,Kolkata,+91 962194218,3/10/2023,,,,,
C000541,GOHIL UPENDRASINH ANOPSINH,M,48,541,Hyderabad,+91 816950356,8/31/2024,,,,,
C000542,PRIYA BAKHLA,F,59,542,Pune,+91 807271002,9/7/2024,,,,,
C000543,Himanshu Kaushik,M,59,543,Bengaluru,+91 992859676,3/24/2024,,,,,
C000544,VIVEKANAND KUMAR,M,19,544,Kolkata,+91 896423615,9/7/2023,,,,,
C000545,JASMINE DASH,F,32,545,Goa,+91 714085641,6/10/2023,,,,,
C000546,PRITILIPI PANDA,F,50,546,Kolkata,+91 819937932,8/31/2023,,,,,
C000547,Sandeep Rapeswal,M,35,547,Pune,+91 926438081,6/12/2023,,,,,
C000548,VIKAS GANGWAR,M,22,548,Chennai,+91 750766843,4/17/2023,,,,,
C000549,URVASHI RAI,F,57,549,Delhi,+91 777437469,3/10/2024,,,,,
C000550,ANINDITA MAHANTA,F,61,550,Kolkata,+91 723355758,2/28/2023,,,,,
C000551,DHANESH SHALIKRAM KHANDAIT,M,56,551,Mumbai,+91 731680908,7/2/2023,,,,,
C000552,STUTI,F,22,552,Chennai,+91 924877412,8/24/2023,,,,,
C000553,Tripti Singh,F,41,553,Kolkata,+91 747329031,11/1/2023,,,,,
C000554,KULDEEP,M,62,554,Hyderabad,+91 714958067,5/16/2023,,,,,
C000555,MANISHA DAS,F,57,555,Pune,+91 968370240,12/26/2024,,,,,
C000556,SONAM RAJ,F,40,556,Kolkata,+91 726682582,1/24/2025,,,,,
C000557,ASHOK KUMAR YADAV,M,28,557,Bengaluru,+91 743935541,2/13/2024,,,,,
C000558,PRIYANKA UPADHYAY,F,33,558,Delhi,+91 999761127,8/1/2023,,,,,
C000559,Ankita Pandey,F,60,559,Chennai,+91 816715231,2/22/2024,,,,,
C000560,susmita bhattacharjee,F,47,560,Bengaluru,+91 951733003,5/29/2024,,,,,
C000561,DIBYA RANJAN SAHU,M,31,561,Bengaluru,+91 815068053,2/24/2023,,,,,
C000562,DURVESH,F,38,562,Chennai,+91 785934717,11/18/2023,,,,,
C000563,ARADHANA KUMARI,F,51,563,Chennai,+91 797780474,8/7/2024,,,,,
C000564,Ayesha Mathur,F,22,564,Chennai,+91 754243108,6/25/2023,,,,,
C000565,MOHIT MISHRA,M,48,565,Delhi,+91 834014714,3/28/2024,,,,,
C000566,AKANCHHA,F,42,566,Hyderabad,+91 869788621,5/25/2024,,,,,
C000567,RASHMI,F,56,567,Delhi,+91 994241614,1/27/2024,,,,,
C000568,MAMTA KUMARI  ASHISH,F,24,568,Delhi,+91 940498493,2/24/2023,,,,,
C000569,RAM KUMAR,M,21,569,Kolkata,+91 794284708,11/21/2024,,,,,
C000570,BHAMIDIPATI VENKATA SURYA VARDHAN,M,21,570,Bengaluru,+91 980825831,11/10/2024,,,,,
C000571,NEEMA KUMARI MEENA,F,55,571,Delhi,+91 878452017,7/25/2023,,,,,
C000572,ABHINAW KUMAR,M,49,572,Pune,+91 752389788,9/12/2023,,,,,
C000573,NANIKA JAIN,F,54,573,Mumbai,+91 859588862,12/16/2024,,,,,
C000574,AYUSH KUMAR,M,50,574,Bengaluru,+91 980936279,4/25/2023,,,,,
C000575,dewanand pandit,M,53,575,Chennai,+91 730964797,4/14/2024,,,,,
C000576,SWETA KUMARI,F,19,576,Kolkata,+91 851644418,10/24/2024,,,,,
C000577,RASMITA KUMARI SAHU,F,18,577,Kolkata,+91 736922135,12/8/2023,,,,,
C000578,BADDI JHANSI,F,63,578,Kolkata,+91 848942601,7/15/2024,,,,,
C000579,GOPAL SINGH,M,43,579,Delhi,+91 892639337,7/8/2024,,,,,
C000580,BELAGAPU ADHARSH,M,46,580,Pune,+91 945152162,9/29/2024,,,,,
C000581,Anamika,F,35,581,Hyderabad,+91 830088672,7/23/2023,,,,,
C000582,pramila kumari das,F,59,582,Delhi,+91 826780241,12/27/2024,,,,,
C000583,SRAVANI CHALLA,F,36,583,Goa,+91 862618222,3/23/2023,,,,,
C000584,Alok Kumar Verma,M,23,584,Delhi,+91 852946921,3/31/2023,,,,,
C000585,Vikash Nagar,M,29,585,Delhi,+91 751665606,1/18/2024,,,,,
C000586,ANISH KUMAR,M,28,586,Kolkata,+91 705378640,11/25/2024,,,,,
C000587,VISHWJEET KUMAR,M,27,587,Mumbai,+91 884835453,5/31/2024,,,,,
C000588,SUMIT VERMA,M,44,588,Kolkata,+91 945210217,5/19/2023,,,,,
C000589,CHANDRA KANT PANDEY,M,22,589,Pune,+91 831007866,4/29/2023,,,,,
C000590,SAKINA BANO,F,62,590,Hyderabad,+91 766595915,11/24/2024,,,,,
C000591,RAJA SHUBHENDU ROY,M,56,591,Mumbai,+91 735969927,6/18/2023,,,,,
C000592,SURESH KEER,M,30,592,Kolkata,+91 883877703,8/31/2023,,,,,
C000593,karisma pradhan,F,43,593,Goa,+91 936433966,3/29/2023,,,,,
C000594,CHANDRA PRAKASH UPADHYAY,M,46,594,Mumbai,+91 929771845,6/25/2023,,,,,
C000595,SHIVAM JAIN,M,53,595,Delhi,+91 857849471,4/1/2023,,,,,
C000596,VIKRAM MEENA,M,50,596,Chennai,+91 704509614,2/24/2024,,,,,
C000597,RAJANTA MEENA,F,62,597,Chennai,+91 710626487,2/18/2023,,,,,
C000598,SHILPA BALA,F,31,598,Mumbai,+91 966302287,12/18/2023,,,,,
C000599,RUPALI RUPAJEETA,F,63,599,Goa,+91 922177502,10/3/2023,,,,,
C000600,SAI PRASAD PANDITRAY,M,37,600,Goa,+91 786024502,5/1/2024,,,,,
C000601,KAUSIK KUMAR DANDAPATH,M,24,601,Chennai,+91 984981095,8/12/2024,,,,,
C000602,Vandana Chaurasiya,F,62,602,Kolkata,+91 863314884,2/9/2024,,,,,
C000603,MITESH KUMAR GOYAL,M,64,603,Delhi,+91 838974965,5/3/2023,,,,,
C000604,HEMAVATHI S,F,50,604,Hyderabad,+91 913290167,6/24/2024,,,,,
C000605,NITIN KHANDELWAL,M,59,605,Chennai,+91 969054644,7/7/2024,,,,,
C000606,ASHUTOSH SAHU,M,38,606,Delhi,+91 851443333,9/10/2024,,,,,
C000607,ALEESHA SHUKLA,F,58,607,Delhi,+91 760817759,9/2/2024,,,,,
C000608,SIDDHARTH PADHI,M,30,608,Delhi,+91 977862975,12/30/2023,,,,,
C000609,RAJAT PRATAP SINGH,M,53,609,Kolkata,+91 946552853,7/7/2024,,,,,
C000610,RAHUL KUMAR SINHA,M,43,610,Bengaluru,+91 863596682,4/26/2023,,,,,
C000611,NEERAJ MATHANKAR,M,61,611,Bengaluru,+91 847633369,1/17/2023,,,,,
C000612,NITIN PARMAL,M,51,612,Hyderabad,+91 928805064,6/16/2023,,,,,
C000613,MADHUMITA SAHOO,F,22,613,Bengaluru,+91 915819168,10/28/2023,,,,,
C000614,KORALLA RAMYA,F,24,614,Pune,+91 897657993,4/1/2024,,,,,
C000615,gaurav kumar gupta,M,28,615,Goa,+91 838944236,7/25/2023,,,,,
C000616,KULDEEP SINGH,M,50,616,Hyderabad,+91 955313566,11/29/2023,,,,,
C000617,GANDHAM KRISHNA KANTH,M,64,617,Kolkata,+91 960594957,4/27/2023,,,,,
C000618,SANJIB KUMAR SINGH,M,37,618,Pune,+91 934925072,1/24/2023,,,,,
C000619,VADAGAM SWATHI,F,62,619,Bengaluru,+91 905190333,2/11/2023,,,,,
C000620,JYOTIRMAYEE PRIYADARSHINI,F,39,620,Mumbai,+91 834951623,5/21/2024,,,,,
C000621,DARAVATH PRADEEP,M,46,621,Hyderabad,+91 777682831,8/13/2024,,,,,
C000622,Ganga ram,M,65,622,Chennai,+91 907015679,6/8/2023,,,,,
C000623,KARRI NITHIN NAGARJUNA,M,29,623,Bengaluru,+91 909440916,5/30/2023,,,,,
C000624,RAVI SHANKAR KUMAR,M,47,624,Hyderabad,+91 892769871,9/14/2023,,,,,
C000625,MONI TAPOK,F,45,625,Pune,+91 789223594,5/10/2023,,,,,
C000626,NANDITA PADHY,F,57,626,Goa,+91 756528204,9/29/2024,,,,,
C000627,Binita Naik,F,27,627,Delhi,+91 982689595,1/5/2025,,,,,
C000628,ABINASH BORDOLOI,M,63,628,Goa,+91 989641628,5/25/2024,,,,,
C000629,Dinesh Meena,M,59,629,Kolkata,+91 826771599,12/6/2023,,,,,
C000630,JUBIN SHARMA,M,52,630,Hyderabad,+91 959216709,12/21/2023,,,,,
C000631,RITESH KUMAR,M,19,631,Chennai,+91 796738618,10/17/2024,,,,,
C000632,akriti sinha,F,61,632,Kolkata,+91 712097759,12/2/2023,,,,,
C000633,ANURAG BAJPAI,M,22,633,Chennai,+91 795860099,2/20/2023,,,,,
C000634,THUPAKULA VENKATA JEEVAN,M,20,634,Kolkata,+91 792220822,11/15/2023,,,,,
C000635,Divya Srivastava,F,62,635,Hyderabad,+91 872130954,8/9/2024,,,,,
C000636,ANNADA PRIYADARSINI,F,53,636,Pune,+91 749490604,1/4/2025,,,,,
C000637,RISHI KANT SHARMA,M,64,637,Pune,+91 791702834,1/19/2025,,,,,
C000638,KHEDEKAR ROHAN TUKARAM,M,64,638,Goa,+91 964474845,12/25/2024,,,,,
C000639,sandeep kumar,M,21,639,Chennai,+91 744315908,6/16/2024,,,,,
C000640,KRISHNA PRASAD MAHATO,M,48,640,Kolkata,+91 818741804,12/31/2023,,,,,
C000641,PURUSHOTTAM VERMA,M,43,641,Pune,+91 974386912,6/3/2023,,,,,
C000642,Namrata Chandra,F,50,642,Goa,+91 798027590,10/3/2024,,,,,
C000643,rani mahra,F,25,643,Bengaluru,+91 908531555,8/6/2024,,,,,
C000644,SNEHLATA MISHRA,F,31,644,Delhi,+91 754754719,10/17/2023,,,,,
C000645,ANSHITA AGRAWAL,F,31,645,Kolkata,+91 915325751,6/7/2024,,,,,
C000646,SANA FEROZ,F,48,646,Chennai,+91 717274801,6/28/2023,,,,,
C000647,Purushothaman,M,37,647,Goa,+91 776328902,1/15/2024,,,,,
C000648,TAUFIQUE HAIDER,M,43,648,Chennai,+91 748991736,8/22/2023,,,,,
C000649,PUJA PATNAIK,F,38,649,Mumbai,+91 945621979,1/16/2024,,,,,
C000650,KRITI RASTOGI,F,63,650,Chennai,+91 892972176,2/22/2024,,,,,
C000651,ABHIJIT MONDAL,M,55,651,Mumbai,+91 800888815,3/28/2023,,,,,
C000652,Lincy Luciana M,F,37,652,Kolkata,+91 716038674,1/21/2025,,,,,
C000653,PRANAV KUMAR,M,22,653,Kolkata,+91 755927302,4/20/2024,,,,,
C000654,anant milan khalkho,M,50,654,Kolkata,+91 731743074,7/13/2024,,,,,
C000655,PRAKASH KUMAR,M,59,655,Pune,+91 999699166,8/19/2024,,,,,
C000656,deepika rani,F,57,656,Hyderabad,+91 979949110,2/23/2023,,,,,
C000657,priya goyal,F,27,657,Goa,+91 909341923,9/6/2023,,,,,
C000658,ARCHANA BHARTI,F,26,658,Chennai,+91 721412081,10/19/2023,,,,,
C000659,ABHISHEK SHARMA,M,60,659,Pune,+91 831383840,11/18/2024,,,,,
C000660,TANVI VERMA,F,38,660,Bengaluru,+91 973568818,1/4/2023,,,,,
C000661,SAURABH TIWARI,M,52,661,Hyderabad,+91 713957515,8/7/2023,,,,,
C000662,KM JYOTSANA PRAJAPATI,F,27,662,Delhi,+91 739167782,2/23/2024,,,,,
C000663,DEEPTI BUDIYAL,F,24,663,Pune,+91 787331590,6/15/2023,,,,,
C000664,VIJAY GUPTA,M,52,664,Delhi,+91 721990881,10/29/2024,,,,,
C000665,ABHISHEK ANAND,M,27,665,Kolkata,+91 783483717,11/1/2023,,,,,
C000666,ISHA SAHANI,F,57,666,Pune,+91 743230434,5/8/2023,,,,,
C000667,SACHITH N.P.,M,53,667,Bengaluru,+91 759140479,7/2/2024,,,,,
C000668,RADHARAMAN MOHANTY,M,60,668,Pune,+91 714708861,9/24/2023,,,,,
C000669,RAVISH KUMAR,M,29,669,Kolkata,+91 829653403,6/18/2024,,,,,
C000670,SUSOVAN PAL,M,49,670,Kolkata,+91 881027581,11/28/2023,,,,,
C000671,RITESH MISHRA,M,21,671,Kolkata,+91 705387484,10/7/2024,,,,,
C000672,VATAMBATI JEEVAN KUMAR,M,18,672,Hyderabad,+91 974306711,6/3/2024,,,,,
C000673,SUBHASH KUMAR GAUTAM,M,42,673,Goa,+91 724688007,5/19/2023,,,,,
C000674,Ritesh Dwivedi,M,43,674,Chennai,+91 856942695,6/9/2024,,,,,
C000675,Abhinav S Parihar,M,38,675,Mumbai,+91 941825043,9/12/2024,,,,,
C000676,PRATIMA DAS,F,54,676,Delhi,+91 916617027,8/26/2024,,,,,
C000677,VINEETA SAHU,F,57,677,Hyderabad,+91 941636597,3/6/2023,,,,,
C000678,HIMANSHU CHAUHAN,M,32,678,Mumbai,+91 917993907,9/5/2024,,,,,
C000679,Apurva Srivastava,F,19,679,Kolkata,+91 748411501,1/1/2025,,,,,
C000680,MOHD TAHIR HASHMI,M,60,680,Goa,+91 982987715,11/17/2023,,,,,
C000681,B.Dwiza,F,33,681,Delhi,+91 904889633,9/12/2023,,,,,
C000682,PAVAN KUMAR GS,M,34,682,Mumbai,+91 927456434,4/13/2024,,,,,
C000683,PUNEE SHARMA,M,32,683,Pune,+91 879035619,6/11/2023,,,,,
C000684,VENKATESHWARAN S,M,42,684,Bengaluru,+91 954444263,12/13/2023,,,,,
C000685,JAGRUTIBAHEN,F,30,685,Mumbai,+91 827359871,6/26/2023,,,,,
C000686,Koyel Dutta,F,65,686,Delhi,+91 875557384,6/15/2023,,,,,
C000687,SHAILENDRA KUMAR,M,34,687,Chennai,+91 710141796,2/12/2023,,,,,
C000688,Sitesh kumar,M,45,688,Delhi,+91 718892921,8/12/2023,,,,,
C000689,Swetatmaja Sahoo,F,61,689,Delhi,+91 788116601,9/14/2024,,,,,
C000690,RUCHI CHANDRAKAR,F,31,690,Bengaluru,+91 822583294,6/20/2024,,,,,
C000691,SANGITA SAURABH,F,56,691,Goa,+91 966732019,6/2/2024,,,,,
C000692,BARSA RANI PRADHAN,F,49,692,Pune,+91 978285886,5/10/2024,,,,,
C000693,VIVEK GAURAV,M,55,693,Bengaluru,+91 942093605,4/24/2024,,,,,
C000694,SHAIK BASHA,M,29,694,Kolkata,+91 971613499,5/20/2024,,,,,
C000695,PRERNA KUMARI,F,45,695,Mumbai,+91 726657046,7/16/2023,,,,,
C000696,Nidhi Singh,F,47,696,Kolkata,+91 831389939,4/2/2024,,,,,
C000697,SOURABH DEWANGAN,M,56,697,Pune,+91 887477958,3/20/2023,,,,,
C000698,YOGESH KUMAR MATHANKAR,M,43,698,Mumbai,+91 832246282,11/23/2023,,,,,
C000699,ASHISH KUMAR,M,53,699,Mumbai,+91 814031521,3/27/2024,,,,,
C000700,ADARSH MISHRA,M,36,700,Bengaluru,+91 994530858,11/9/2024,,,,,
C000701,YOGESH KUMAR PAIKARA,M,52,701,Pune,+91 755592555,7/19/2023,,,,,
C000702,LITHIN THOMAS,M,42,702,Chennai,+91 885681730,2/17/2024,,,,,
C000703,parsuram rout,M,54,703,Kolkata,+91 985145322,6/6/2024,,,,,
C000704,RAVI RANJAN KUMAR,M,32,704,Bengaluru,+91 812215555,5/11/2023,,,,,
C000705,SWATI SMITA MOHANTA,F,33,705,Delhi,+91 927046445,2/18/2024,,,,,
C000706,PRINCE HARSHWARDHAN OJHA,M,19,706,Bengaluru,+91 908865722,11/8/2023,,,,,
C000707,DHEERAJ JAIN,M,34,707,Delhi,+91 871914376,2/29/2024,,,,,
C000708,SUSMITA PAL,F,63,708,Goa,+91 886813446,3/25/2024,,,,,
C000709,BUSUPALLI VEERA REDDY,M,42,709,Goa,+91 701486620,6/12/2023,,,,,
C000710,VIVEK SINGH,F,44,710,Hyderabad,+91 973198775,1/2/2025,,,,,
C000711,neha gour,F,64,711,Mumbai,+91 705797556,2/15/2024,,,,,
C000712,SUNIDHI DUBEY,F,58,712,Pune,+91 917954207,7/27/2024,,,,,
C000713,RAMUGARI LAVANYA,F,26,713,Delhi,+91 988315744,10/10/2023,,,,,
C000714,VIBHU M V,M,18,714,Delhi,+91 883969732,5/28/2023,,,,,
C000715,ELA MEHRA,F,18,715,Kolkata,+91 804960974,12/3/2023,,,,,
C000716,SUKRITI TEKAM,F,26,716,Mumbai,+91 841663255,7/7/2024,,,,,
C000717,anamika pandey,F,38,717,Goa,+91 740386807,11/30/2024,,,,,
C000718,MEGHANA N,F,64,718,Hyderabad,+91 801946785,5/20/2024,,,,,
C000719,Priyanka mahadeo mahajan,F,48,719,Pune,+91 794967530,1/1/2025,,,,,
C000720,Sarvesh Mishra,M,53,720,Pune,+91 923839163,3/9/2023,,,,,
C000721,MOHTASHAM AFTAB,M,19,721,Delhi,+91 966807441,2/3/2024,,,,,
C000722,ANKIT SAXENA,M,56,722,Kolkata,+91 883912308,6/24/2024,,,,,
C000723,mandeep kaur,F,33,723,Goa,+91 869444463,12/26/2023,,,,,
C000724,Megha Dayal,F,31,724,Chennai,+91 948059501,11/6/2023,,,,,
C000725,GUGULOTHU HYMAVATHI,F,48,725,Bengaluru,+91 771995000,11/18/2023,,,,,
C000726,Abhishek kumar,M,24,726,Kolkata,+91 945465494,5/17/2024,,,,,
C000727,PRITHA BARUA,F,36,727,Delhi,+91 854230722,2/28/2023,,,,,
C000728,PRANAY SAKHRODIA,M,62,728,Bengaluru,+91 816244572,11/2/2023,,,,,
C000729,Swadhina Priyadarshini Hazra,F,55,729,Pune,+91 719875756,11/27/2023,,,,,
C000730,CHITRA JAIN,F,29,730,Mumbai,+91 974468901,4/1/2024,,,,,
C000731,Anushmita Hazarika,F,37,731,Hyderabad,+91 959451820,1/7/2024,,,,,
C000732,PALLAVI BEHERA,F,22,732,Hyderabad,+91 908582620,2/12/2024,,,,,
C000733,Vinita Patil,F,35,733,Kolkata,+91 842233082,2/7/2023,,,,,
C000734,DEEPAK KUMAR,M,26,734,Hyderabad,+91 873258222,8/11/2024,,,,,
C000735,KARTIKAY KUMAR,M,59,735,Pune,+91 709583077,2/19/2023,,,,,
C000736,SAURAV ANAND,M,42,736,Goa,+91 923296039,1/15/2024,,,,,
C000737,KUSUMLATA NAMA,F,18,737,Bengaluru,+91 719633756,10/19/2023,,,,,
C000738,KARN KUMAR RAVI,M,58,738,Pune,+91 843826340,7/15/2024,,,,,
C000739,BHANU PRATAP PATEL,M,55,739,Mumbai,+91 712520704,7/4/2024,,,,,
C000740,P.VAISHNAVI,F,20,740,Chennai,+91 843732001,10/5/2024,,,,,
C000741,Meenakshi Venkatesh,F,57,741,Mumbai,+91 850440617,11/27/2024,,,,,
C000742,HANNAH SUSAN ROY,F,29,742,Mumbai,+91 779597153,5/28/2024,,,,,
C000743,MADHUMALA KUMARI,F,55,743,Kolkata,+91 938650294,4/23/2023,,,,,
C000744,SHREYA SINGH,F,52,744,Hyderabad,+91 761462594,12/2/2023,,,,,
C000745,KAMAL KUMAR,M,54,745,Chennai,+91 819509352,2/8/2024,,,,,
C000746,ANUP KUMAR RAZAK,M,25,746,Mumbai,+91 859044288,6/9/2024,,,,,
C000747,DIBYA JYOTI PATTANAIK,M,61,747,Kolkata,+91 818167198,10/16/2024,,,,,
C000748,LAXMAN SAHU,M,21,748,Chennai,+91 885921046,8/28/2023,,,,,
C000749,SANDEEP KUMAR,M,38,749,Bengaluru,+91 907348372,7/7/2023,,,,,
C000750,SHWETA PRIYA,F,55,750,Pune,+91 744142632,4/2/2023,,,,,
C000751,VIDUSHI JAISWAL,F,29,751,Kolkata,+91 703154251,10/14/2024,,,,,
C000752,Amrita parashar,F,38,752,Goa,+91 880214442,1/29/2024,,,,,
C000753,BRAJESH KUMAR SINGH,M,25,753,Kolkata,+91 887576665,11/11/2023,,,,,
C000754,RAKESH KUMAR SINGH,M,40,754,Hyderabad,+91 704760101,11/21/2023,,,,,
C000755,NEHA LAKSHMI,F,40,755,Kolkata,+91 843767637,12/29/2024,,,,,
C000756,POONAM ROUT,F,38,756,Kolkata,+91 848576114,4/24/2024,,,,,
C000757,suchismita sahoo,F,40,757,Goa,+91 934110980,8/1/2023,,,,,
C000758,ANUJ KUMAR,M,49,758,Bengaluru,+91 842547206,11/7/2023,,,,,
C000759,CHAKRESH PRATAP SINGH,M,60,759,Delhi,+91 812071087,1/7/2023,,,,,
C000760,JAWAHAR ALI SHAIK,M,28,760,Mumbai,+91 837453051,2/22/2023,,,,,
C000761,KRUTHIGA I,F,47,761,Hyderabad,+91 884635413,8/19/2023,,,,,
C000762,CHITRA PIPAL,F,48,762,Kolkata,+91 739917346,2/17/2023,,,,,
C000763,ZEBANAZ,F,46,763,Delhi,+91 943435311,6/6/2023,,,,,
C000764,RITENDRA SINGH,M,33,764,Goa,+91 901368688,8/3/2024,,,,,
C000765,ASHISH RAJAN,M,62,765,Bengaluru,+91 995684028,9/18/2023,,,,,
C000766,PAPPU KUMAR,M,57,766,Pune,+91 847983539,8/28/2024,,,,,
C000767,NAKIRIKANTI SREELATHA,F,53,767,Kolkata,+91 805959063,9/12/2023,,,,,
C000768,Manish Kumar,M,42,768,Goa,+91 786968631,1/1/2024,,,,,
C000769,LINGAMALLU SIVA SAI PAVAN KUMAR,M,46,769,Hyderabad,+91 992478661,7/15/2024,,,,,
C000770,PAWAN KUMAR ASAWAR,M,22,770,Kolkata,+91 903422825,11/6/2024,,,,,
C000771,Abhishek Jena,M,23,771,Goa,+91 973449279,12/25/2023,,,,,
C000772,SHAILJA AWASTHI,F,48,772,Mumbai,+91 889967572,10/23/2023,,,,,
C000773,RAJNISH AZAD,M,26,773,Delhi,+91 803863515,3/12/2023,,,,,
C000774,RAHUL RANJAN,M,28,774,Mumbai,+91 767625131,2/17/2023,,,,,
C000775,LUCY MODAK,F,35,775,Bengaluru,+91 779099569,4/9/2024,,,,,
C000776,RAJOLI AJAY KUMAR REDDY,M,45,776,Mumbai,+91 830763089,7/7/2023,,,,,
C000777,VINIT KUMAR MISHRA,M,24,777,Chennai,+91 888347992,4/20/2023,,,,,
C000778,GAURI KUMARI,F,53,778,Mumbai,+91 893960508,5/1/2024,,,,,
C000779,patil raghvendra laxmikant,M,26,779,Bengaluru,+91 938611443,4/11/2024,,,,,
C000780,Harankhedkar Tejas Avinash,M,19,780,Pune,+91 970949614,6/18/2024,,,,,
C000781,RESHMA R,F,48,781,Goa,+91 781001230,1/19/2024,,,,,
C000782,HARSHA VENUGOPAL,F,57,782,Pune,+91 915087539,10/27/2023,,,,,
C000783,Premasish Manna,M,18,783,Goa,+91 936171422,9/27/2023,,,,,
C000784,Kamal kumar pal,M,39,784,Goa,+91 727531741,7/3/2023,,,,,
C000785,RAVINDRA KIHOR JADHAV,M,42,785,Goa,+91 966218975,10/23/2023,,,,,
C000786,NEERAJ NATH,M,43,786,Pune,+91 960218850,2/8/2024,,,,,
C000787,NISHTHA AGARWAL,F,61,787,Pune,+91 816374676,9/2/2023,,,,,
C000788,MANISH RANJAN,M,33,788,Pune,+91 973609937,1/15/2023,,,,,
C000789,AMARDEEP KUMAR,M,60,789,Pune,+91 816898709,8/22/2023,,,,,
C000790,VARSHA RANI,F,45,790,Mumbai,+91 760241226,10/30/2023,,,,,
C000791,ABHINAV PUNJ,M,47,791,Mumbai,+91 944988574,8/29/2023,,,,,
C000792,Pankaj Sahu,M,26,792,Bengaluru,+91 990189665,9/2/2023,,,,,
C000793,Deeraj Soman,M,20,793,Chennai,+91 711110827,4/23/2023,,,,,
C000794,jyotshna bali,F,20,794,Hyderabad,+91 919705130,5/7/2024,,,,,
C000795,LOPINTI POORNIMA,F,59,795,Mumbai,+91 850860642,1/19/2023,,,,,
C000796,RUNI BISHAIN,F,65,796,Chennai,+91 946475236,12/15/2024,,,,,
C000797,PURAVI SAHOO,F,50,797,Bengaluru,+91 988729651,6/21/2023,,,,,
C000798,ANKIT KUMAR,M,32,798,Goa,+91 739160016,5/30/2024,,,,,
C000799,Kunal Sawner,M,50,799,Chennai,+91 728026793,2/1/2024,,,,,
C000800,MUKESH KUMAR,M,61,800,Kolkata,+91 782604875,3/20/2023,,,,,
C000801,Abhinav Joshi,M,20,801,Kolkata,+91 853722636,10/26/2024,,,,,
C000802,SHATABDI DEY,F,56,802,Hyderabad,+91 816394556,11/15/2023,,,,,
C000803,AARUSHI SINHA,F,45,803,Chennai,+91 881790231,10/30/2023,,,,,
C000804,SATYAJEET PANDA,M,44,804,Bengaluru,+91 894801169,2/2/2023,,,,,
C000805,PRIYANKA GUPTA,F,48,805,Goa,+91 795458567,10/18/2024,,,,,
C000806,NIRAJ KUMAR,M,57,806,Goa,+91 777626847,6/16/2024,,,,,
C000807,Shobhit Rajput,M,19,807,Kolkata,+91 767616181,7/29/2024,,,,,
C000808,sonu kumar gupta,M,38,808,Chennai,+91 970279752,8/22/2023,,,,,
C000809,nidhi sharma,F,36,809,Pune,+91 899821398,12/23/2023,,,,,
C000810,Bhabani Sankar Bhagat,M,30,810,Bengaluru,+91 808681726,12/29/2024,,,,,
C000811,ABHIJIT GIRI,M,28,811,Chennai,+91 985153763,6/5/2024,,,,,
C000812,DIPANKAR BISWAS,M,33,812,Goa,+91 902819173,6/19/2023,,,,,
C000813,RITUPARNA BHATTACHARYA,F,32,813,Chennai,+91 730796450,1/1/2024,,,,,
C000814,ARPIT SHRIVASTAVA,M,60,814,Hyderabad,+91 800170804,11/18/2024,,,,,
C000815,ASHUTOSH BISWAL,M,26,815,Bengaluru,+91 772608870,6/12/2024,,,,,
C000816,AJAY SHARMA,M,19,816,Kolkata,+91 829064786,5/1/2023,,,,,
C000817,GATLA MANI KIRAN,M,27,817,Bengaluru,+91 721234138,9/8/2024,,,,,
C000818,ANURAG KUMAR,M,47,818,Hyderabad,+91 979575050,6/25/2023,,,,,
C000819,PARVEZ ALAM,M,44,819,Hyderabad,+91 780217675,1/7/2023,,,,,
C000820,TIRTHANKAR BANERJEE,M,58,820,Kolkata,+91 746806709,3/14/2024,,,,,
C000821,ARPITHA R,F,38,821,Chennai,+91 910504101,8/4/2024,,,,,
C000822,PRATEEK SINGHAL,M,34,822,Mumbai,+91 972934850,4/1/2024,,,,,
C000823,MAHAVEER PRASAD MEENA,M,25,823,Chennai,+91 772017226,6/12/2023,,,,,
C000824,TAMANNA JAIN,F,53,824,Mumbai,+91 745095105,8/2/2023,,,,,
C000825,SWETA NISHA DEMTA,F,40,825,Bengaluru,+91 986512266,8/10/2024,,,,,
C000826,PRIYADARSHINI SHRUTIKA,F,52,826,Chennai,+91 753143214,10/26/2023,,,,,
C000827,BAJARANG GUPTA,M,23,827,Mumbai,+91 892267752,4/24/2023,,,,,
C000828,GANDIKOTA ABHIRAM,M,31,828,Hyderabad,+91 894861399,4/13/2024,,,,,
C000829,SAKET RANJAN JHA,M,32,829,Hyderabad,+91 750364221,12/1/2024,,,,,
C000830,ALKA SAXENA,F,25,830,Delhi,+91 945377068,7/24/2024,,,,,
C000831,PAYAL,F,32,831,Hyderabad,+91 737468996,11/2/2023,,,,,
C000832,VIJETA,F,58,832,Mumbai,+91 808278458,7/26/2024,,,,,
C000833,Meenu Goyal,F,21,833,Bengaluru,+91 884940341,7/13/2023,,,,,
C000834,ANUSUDHA V,F,28,834,Kolkata,+91 894360296,9/18/2024,,,,,
C000835,SILPASHREE SAHU,F,25,835,Kolkata,+91 769452159,6/17/2023,,,,,
C000836,Tapas Kumar Sahu,M,18,836,Pune,+91 918148254,2/23/2023,,,,,
C000837,AnilKumar Eggigiri,M,43,837,Hyderabad,+91 809664509,4/3/2024,,,,,
C000838,UMENDRA SINGH,M,31,838,Mumbai,+91 871001591,12/9/2023,,,,,
C000839,SRISHTI PRATEEK,F,65,839,Mumbai,+91 908946033,8/29/2023,,,,,
C000840,DEEPTI SACHAN,F,63,840,Chennai,+91 778305336,7/11/2024,,,,,
C000841,SANTOSH ANAND,M,61,841,Pune,+91 756371384,5/19/2024,,,,,
C000842,EKTA YADAV,F,38,842,Mumbai,+91 782960773,2/6/2023,,,,,
C000843,MANISH CHOURASIYA,M,25,843,Mumbai,+91 792269812,10/8/2023,,,,,
C000844,Ajay Murmu,M,26,844,Delhi,+91 891975494,5/25/2023,,,,,
C000845,V S PRAJWALITHA MANDAPATI,F,54,845,Hyderabad,+91 938993194,10/6/2023,,,,,
C000846,KIRTI PRAJAPATI,F,52,846,Chennai,+91 796453905,7/2/2023,,,,,
C000847,RAJNEESH PRATAP SINGH,M,29,847,Hyderabad,+91 717002658,5/13/2023,,,,,
C000848,SOUMYASHREE AUDDYA,F,53,848,Delhi,+91 987637307,12/27/2024,,,,,
C000849,Sandeep Kumar Khatua,M,62,849,Hyderabad,+91 887207212,1/10/2023,,,,,
C000850,RACHNA KUMARI,F,48,850,Delhi,+91 702530767,6/24/2023,,,,,
C000851,MUZAFFAR SABA ANJUM,M,40,851,Bengaluru,+91 782221152,1/7/2023,,,,,
C000852,Sunkara Jeevana Sravanthi,F,56,852,Bengaluru,+91 755662828,12/9/2024,,,,,
C000853,SIKIL KUMAR SINGH,M,22,853,Chennai,+91 716296329,7/16/2023,,,,,
C000854,PANKAJ VISHVAKARMA,M,31,854,Delhi,+91 900856802,2/13/2024,,,,,
C000855,MANTRA,M,61,855,Chennai,+91 755911341,7/26/2024,,,,,
C000856,SHRINIVAS RAJENDRA PETALE,M,40,856,Goa,+91 777809636,1/8/2024,,,,,
C000857,AKANKSHA KUMARI PATRA,F,42,857,Delhi,+91 726337692,3/24/2024,,,,,
C000858,GAJENDRA SINGH,M,49,858,Kolkata,+91 969316752,8/20/2023,,,,,
C000859,DEEPAK KUMAR KUSHWAHA,M,64,859,Chennai,+91 712177080,5/28/2023,,,,,
C000860,Jalli Deepthi,F,45,860,Kolkata,+91 731653022,5/27/2023,,,,,
C000861,Raghu M,M,56,861,Mumbai,+91 764827819,7/20/2023,,,,,
C000862,Sarun Gopal Panicker,M,61,862,Goa,+91 854038616,3/14/2024,,,,,
C000863,JATOTH DEEPAK NAIK,M,60,863,Hyderabad,+91 950783166,10/11/2024,,,,,
C000864,DEEPAK VERMA,M,55,864,Goa,+91 994292986,6/27/2024,,,,,
C000865,rabindra kumar yadav,M,34,865,Bengaluru,+91 748572174,11/2/2023,,,,,
C000866,Sunayana Bohidar,F,38,866,Delhi,+91 869064438,8/29/2023,,,,,
C000867,Tanmay Gupta,M,46,867,Bengaluru,+91 882540746,12/14/2024,,,,,
C000868,SURJIT KUMAR SINGH,M,46,868,Bengaluru,+91 717173114,8/29/2024,,,,,
C000869,PUSHPENDRA CHANDRA,M,38,869,Goa,+91 734069130,1/13/2025,,,,,
C000870,APARAJITA,F,28,870,Kolkata,+91 939453729,6/16/2023,,,,,
C000871,SUBHRAJYOTI ROY,M,48,871,Kolkata,+91 957105510,1/23/2023,,,,,
C000872,ABHAY NANDAN,M,60,872,Chennai,+91 800310953,7/11/2023,,,,,
C000873,PANGA RAJITHA,F,36,873,Kolkata,+91 738746905,11/18/2024,,,,,
C000874,L RAJESHWAR RAO,M,42,874,Bengaluru,+91 784686099,12/28/2023,,,,,
C000875,DIPAK KUMAR SAHANI,M,33,875,Bengaluru,+91 885649560,1/23/2024,,,,,
C000876,Palak Jha,F,41,876,Hyderabad,+91 906952531,12/9/2024,,,,,
C000877,Sarbrinder Singh,M,19,877,Kolkata,+91 944810240,3/4/2023,,,,,
C000878,Yatindra Singh Jethoo,M,26,878,Goa,+91 929462209,6/9/2023,,,,,
C000879,POOJA PATEL,F,48,879,Mumbai,+91 907449729,12/17/2023,,,,,
C000880,AKSHAY HASTE,M,25,880,Goa,+91 833725351,2/6/2024,,,,,
C000881,APURWA BANGRYA,F,63,881,Mumbai,+91 853132557,1/25/2023,,,,,
C000882,ABHINISH KUMAR,M,35,882,Bengaluru,+91 915431271,8/30/2024,,,,,
C000883,SUMAN SINGH,F,59,883,Hyderabad,+91 996593624,6/2/2024,,,,,
C000884,HIMANSU SHAW,M,56,884,Mumbai,+91 868302584,1/17/2023,,,,,
C000885,AJEET KUMAR,M,54,885,Kolkata,+91 778049730,6/27/2024,,,,,
C000886,PAMULA VEDAVATHI,F,26,886,Mumbai,+91 883037290,11/27/2024,,,,,
C000887,paidi.swathi,F,22,887,Kolkata,+91 734178495,7/11/2024,,,,,
C000888,SAURABH MISHRA,M,57,888,Hyderabad,+91 990096056,7/22/2023,,,,,
C000889,Y PRATHYUSHA,F,37,889,Chennai,+91 820067573,6/1/2023,,,,,
C000890,Snigdha Baidya,F,51,890,Hyderabad,+91 702573511,5/30/2024,,,,,
C000891,RITURAJ SINGH,M,32,891,Hyderabad,+91 791954448,10/4/2023,,,,,
C000892,DIYANKA PAUL,F,22,892,Delhi,+91 708869935,6/28/2023,,,,,
C000893,RASHMI BARLA,F,34,893,Kolkata,+91 894415623,2/4/2024,,,,,
C000894,Yogakshi Kapoor,F,24,894,Kolkata,+91 951332921,3/10/2024,,,,,
C000895,TAVLEEN SINGH,M,43,895,Pune,+91 815029578,3/5/2023,,,,,
C000896,SHAMSHUZZAMA KHAN,M,39,896,Pune,+91 985568967,7/21/2023,,,,,
C000897,SUBHASH KUMAR,M,48,897,Goa,+91 983356152,10/19/2024,,,,,
C000898,M RITIKA,F,45,898,Chennai,+91 769305338,12/31/2023,,,,,
C000899,Sankalp Mishra,M,58,899,Delhi,+91 924629381,10/23/2024,,,,,
C000900,TANMAY,M,46,900,Hyderabad,+91 789927012,4/17/2023,,,,,
C000901,PREETI KUMARI,F,29,901,Bengaluru,+91 769270498,9/1/2023,,,,,
C000902,SOMYA YADAV,F,31,902,Delhi,+91 960611947,10/23/2024,,,,,
C000903,CHIRANTAN KUMAR,M,48,903,Hyderabad,+91 779586951,11/24/2024,,,,,
C000904,POOJA VERMA,F,61,904,Pune,+91 743779860,1/2/2024,,,,,
C000905,TUSHAR,M,29,905,Pune,+91 900844282,1/1/2023,,,,,
C000906,umesh kumar jat,M,18,906,Pune,+91 910471976,4/22/2023,,,,,
C000907,RAVI PRAKASH JAREDA,M,45,907,Delhi,+91 750922871,2/23/2023,,,,,
C000908,satyadev pachauri,M,20,908,Bengaluru,+91 769338221,1/3/2023,,,,,
C000909,DHEERAJ MAHESHWARI,M,60,909,Pune,+91 794639424,2/19/2024,,,,,
C000910,Abhishek Soni,M,22,910,Delhi,+91 918273155,1/20/2025,,,,,
C000911,VIKASH MEENA,M,64,911,Bengaluru,+91 727351423,8/2/2023,,,,,
C000912,CHANCHAL AGARWAL,F,32,912,Mumbai,+91 883452708,6/4/2023,,,,,
C000913,HIMANSHI GURANIA,F,30,913,Kolkata,+91 770552295,10/3/2024,,,,,
C000914,TAMARANA  SURIBABU,M,39,914,Pune,+91 915315120,2/10/2023,,,,,
C000915,gaurav banafar,M,28,915,Hyderabad,+91 719877345,3/31/2024,,,,,
C000916,RAJEEV KUMAR NIRALA,M,65,916,Chennai,+91 970127557,3/22/2024,,,,,
C000917,BHUNESHWAR KUSHWAHA,M,31,917,Delhi,+91 745851107,11/26/2024,,,,,
C000918,GUPTE ANKITA ATUL,F,39,918,Delhi,+91 825002427,1/27/2024,,,,,
C000919,AKHILESH AGARWAL,M,42,919,Hyderabad,+91 728655259,10/26/2024,,,,,
C000920,ANINDITA NAYAK,F,40,920,Goa,+91 799072108,1/18/2024,,,,,
C000921,ASTHA SRIVASTAVA,F,54,921,Kolkata,+91 924744491,1/9/2025,,,,,
C000922,ARITRA MAITY,M,64,922,Bengaluru,+91 790226347,12/21/2023,,,,,
C000923,GHANENDRA KUMAR,M,34,923,Pune,+91 985396906,3/8/2024,,,,,
C000924,kundan kumar singh,M,58,924,Mumbai,+91 956442283,8/5/2024,,,,,
C000925,PREETI KUMARI,F,55,925,Kolkata,+91 864515085,10/22/2024,,,,,
C000926,ANCHAL ANAND,F,43,926,Kolkata,+91 763507614,1/20/2024,,,,,
C000927,SMRUTIREKHA BISWAL,F,18,927,Hyderabad,+91 749021873,2/19/2024,,,,,
C000928,RAHUL GANGULY,M,57,928,Chennai,+91 793894639,2/14/2024,,,,,
C000929,RAJAN KUMAR RAI,M,27,929,Kolkata,+91 872309266,1/24/2023,,,,,
C000930,Narendra Singh,M,26,930,Bengaluru,+91 797574216,4/14/2023,,,,,
C000931,SWETA KUMARI,F,18,931,Kolkata,+91 978469218,8/12/2024,,,,,
C000932,avantika,F,59,932,Goa,+91 760490338,1/7/2023,,,,,
C000933,RISHI RAJ MISHRA,M,51,933,Chennai,+91 777094732,6/7/2023,,,,,
C000934,SHARMISTHA SAHA,F,56,934,Hyderabad,+91 774897734,5/11/2023,,,,,
C000935,MEETA NAG,F,56,935,Mumbai,+91 968497396,12/18/2024,,,,,
C000936,DEEPTI PANDEY,F,28,936,Bengaluru,+91 724897533,6/10/2024,,,,,
C000937,ANKITA SINGH,F,50,937,Kolkata,+91 788317374,7/14/2023,,,,,
C000938,AVNISH KUMAR,M,29,938,Pune,+91 945922978,7/31/2023,,,,,
C000939,JEETENDRA KUMAR SHARMA,M,46,939,Kolkata,+91 805497030,5/5/2024,,,,,
C000940,PATIL AVDHUT GAJANAN,M,48,940,Pune,+91 738968597,4/3/2024,,,,,
C000941,NARAVA HARSHALA,F,21,941,Hyderabad,+91 885323366,2/1/2023,,,,,
C000942,alka jha,F,64,942,Pune,+91 773679984,1/1/2025,,,,,
C000943,POONAM KUJUR,F,35,943,Bengaluru,+91 787715206,8/25/2023,,,,,
C000944,MANTAJ ALI,M,58,944,Kolkata,+91 948059787,7/3/2024,,,,,
C000945,JAYANTI SHARMA,F,35,945,Kolkata,+91 712897364,4/21/2024,,,,,
C000946,JANET JO MATHEW,F,34,946,Hyderabad,+91 872512149,7/6/2023,,,,,
C000947,ISHANI GUPTA,F,19,947,Bengaluru,+91 876372705,2/27/2024,,,,,
C000948,DEEPAK KUMAR YADAV,M,64,948,Hyderabad,+91 774383756,5/4/2023,,,,,
C000949,DINESH MEENA,M,62,949,Chennai,+91 907649984,1/22/2025,,,,,
C000950,ACHAL KUMAR BICHPURIA,M,56,950,Kolkata,+91 844263361,7/12/2024,,,,,
C000951,GAMIT VIPULKUMAR ARUNKUMAR,M,58,951,Delhi,+91 970368236,12/14/2023,,,,,
C000952,Shrinkhla Kanojiya,F,53,952,Hyderabad,+91 708978783,2/12/2023,,,,,
C000953,Deepika Gupta,F,46,953,Delhi,+91 804416923,2/6/2023,,,,,
C000954,akanksha akhouri,F,53,954,Chennai,+91 994144358,9/3/2023,,,,,
C000955,TAPASHI HAZARIKA,F,35,955,Pune,+91 751888981,5/27/2023,,,,,
C000956,MOHIT YADAV,M,60,956,Chennai,+91 874955595,9/24/2023,,,,,
C000957,Ravina,F,49,957,Kolkata,+91 764129081,12/23/2024,,,,,
C000958,Manpreet Singh Bhutiani,M,64,958,Bengaluru,+91 840340613,6/15/2023,,,,,
C000959,PALLAVI BISWAL,F,55,959,Goa,+91 738704473,1/16/2024,,,,,
C000960,Shantanu Lodhi,M,52,960,Chennai,+91 860357614,2/2/2023,,,,,
C000961,PRIYESH KUMAR ARMO,M,38,961,Kolkata,+91 891128464,2/15/2023,,,,,
C000962,vishal,M,54,962,Mumbai,+91 932189636,3/5/2023,,,,,
C000963,swarnlata dohre,F,26,963,Goa,+91 989174993,9/14/2023,,,,,
C000964,TRIKESH KUMAR,M,63,964,Mumbai,+91 741821657,1/6/2024,,,,,
C000965,ABHISHEK KUMAR,M,61,965,Delhi,+91 925936290,7/6/2024,,,,,
C000966,VIVEK KUMAR NAGALKAR,M,36,966,Pune,+91 784612210,6/10/2023,,,,,
C000967,DURGADAS M,M,64,967,Pune,+91 713931780,5/21/2023,,,,,
C000968,KANISHKA GUPTA,M,54,968,Mumbai,+91 931599405,3/2/2024,,,,,
C000969,abhipsa pal,F,34,969,Mumbai,+91 803335886,1/26/2025,,,,,
C000970,SACHIN,M,46,970,Chennai,+91 897966645,6/16/2024,,,,,
C000971,Allanki Bhushan,M,36,971,Mumbai,+91 856791940,6/20/2023,,,,,
C000972,nutan sharma,F,60,972,Chennai,+91 852164455,9/4/2023,,,,,
C000973,NAMRATA,F,21,973,Chennai,+91 872216895,5/12/2024,,,,,
C000974,alok kumar,M,49,974,Mumbai,+91 971952735,7/20/2023,,,,,
C000975,GANGURDE TEJAS DILIP,M,54,975,Delhi,+91 803334762,4/10/2024,,,,,
C000976,chetan dhaker,M,45,976,Chennai,+91 873513005,12/5/2023,,,,,
C000977,SAMEER HANSDA,M,60,977,Hyderabad,+91 790179343,7/20/2023,,,,,
C000978,AYSHA,F,62,978,Chennai,+91 951844651,9/3/2024,,,,,
C000979,SOORAJ SHUKLA,M,31,979,Bengaluru,+91 758533822,4/22/2023,,,,,
C000980,DEEPAK KUMAR RAI,M,26,980,Goa,+91 907388215,9/13/2024,,,,,
C000981,PRITIDIPTA SAHOO,M,32,981,Kolkata,+91 859264431,10/22/2024,,,,,
C000982,AVINASH SINGH,M,46,982,Mumbai,+91 936538009,10/17/2023,,,,,
C000983,SHIVENDRA SINGH THAKUR,M,23,983,Chennai,+91 751570296,12/23/2024,,,,,
C000984,Soumya Thakur,F,45,984,Pune,+91 727255054,2/15/2023,,,,,
C000985,samprati pal sharma,F,44,985,Mumbai,+91 774116784,5/28/2023,,,,,
C000986,angveen khan,F,43,986,Pune,+91 704522402,2/8/2023,,,,,
C000987,ashu priya mishra,F,32,987,Pune,+91 973596850,5/24/2024,,,,,
C000988,Soumya Sanghamitra Pal,F,64,988,Mumbai,+91 963975858,5/26/2023,,,,,
C000989,ASHISH RANJAN,M,65,989,Hyderabad,+91 739720499,1/18/2024,,,,,
C000990,LAKSHMAN KUMAR MAHTO,M,62,990,Bengaluru,+91 716994464,12/11/2023,,,,,
C000991,SARSWATI CHANDER,M,37,991,Delhi,+91 713733952,1/5/2023,,,,,
C000992,Swati Gaur,F,22,992,Bengaluru,+91 724216216,12/5/2023,,,,,
C000993,ALOK KUMAR,M,40,993,Mumbai,+91 889861836,5/31/2024,,,,,
C000994,MD SHAHBAZ ALAM,M,29,994,Goa,+91 724718705,7/21/2024,,,,,
C000995,SUJATA PARHI,F,58,995,Goa,+91 866631452,9/5/2023,,,,,
C000996,HITENDRA KUMAR,M,41,996,Chennai,+91 879835527,1/12/2023,,,,,
C000997,JAVED ANSARI,M,32,997,Goa,+91 778589457,4/20/2024,,,,,
C000998,Sushree Swagatika Mishra,F,28,998,Chennai,+91 915785972,1/23/2024,,,,,
C000999,GORLE SAI LALITA,F,49,999,Kolkata,+91 832915952,4/24/2024,,,,,
C001000,NAINA MINJ,F,34,1000,Chennai,+91 726020462,6/9/2024,,,,,
C001001,SUDHIR KUMAR,M,47,1001,Pune,+91 943857975,7/22/2023,,,,,
C001002,DIVYESHA KADLAG,F,63,1002,Goa,+91 710564915,6/27/2023,,,,,
C001003,G V CHARISHMA,F,49,1003,Hyderabad,+91 913512068,6/11/2023,,,,,
C001004,RAMAKANT MEENA,M,24,1004,Pune,+91 861968572,9/28/2023,,,,,
C001005,yugeshwari verma,F,35,1005,Pune,+91 893649557,9/6/2023,,,,,
C001006,ANKITA MAJUMDER,F,39,1006,Kolkata,+91 984442605,8/23/2024,,,,,
C001007,PRAVEEN DAS,M,30,1007,Delhi,+91 813481372,12/21/2023,,,,,
C001008,Rukmini Mukherjee,F,44,1008,Mumbai,+91 741139034,10/12/2024,,,,,
C001009,SAYON DEY,M,34,1009,Delhi,+91 826977998,7/15/2024,,,,,
C001010,ABDULLA FARZEEN,M,56,1010,Goa,+91 830656008,12/12/2023,,,,,
C001011,PALLAVI NETAM,F,30,1011,Mumbai,+91 724041435,2/26/2024,,,,,
C001012,A SINDHURA REDDY,F,49,1012,Bengaluru,+91 961358878,1/11/2025,,,,,
C001013,Neha Mary Toppo,F,29,1013,Mumbai,+91 881637570,3/5/2024,,,,,
C001014,Anitha Mallela,F,19,1014,Hyderabad,+91 843772190,2/10/2024,,,,,
C001015,khilendra kumar tandon,M,48,1015,Chennai,+91 876757897,4/28/2023,,,,,
C001016,ATUL MISHRA,M,64,1016,Hyderabad,+91 816887753,1/21/2024,,,,,
C001017,LIPSA PANIGRAHI,F,62,1017,Goa,+91 988581729,2/8/2023,,,,,
C001018,RUDRA MADHAB SAMAL,M,47,1018,Pune,+91 976166285,7/19/2023,,,,,
C001019,RITIKESH ANAND,M,65,1019,Bengaluru,+91 985673438,9/6/2023,,,,,
C001020,PRAJKTA VINOD WARDHEKAR,F,57,1020,Pune,+91 993266262,5/6/2023,,,,,
C001021,BHAGYASHREE BEHERA,F,48,1021,Goa,+91 925216628,6/26/2023,,,,,
C001022,KUMAR KIRTEEMAN,M,23,1022,Mumbai,+91 995711100,11/30/2023,,,,,
C001023,NEETU GUPTA,F,35,1023,Hyderabad,+91 936617105,6/3/2023,,,,,
C001024,priti verma,F,37,1024,Chennai,+91 847374518,7/11/2024,,,,,
C001025,SARITA MALLIK,F,54,1025,Goa,+91 836872983,3/1/2023,,,,,
C001026,KALIKA PRASAD GOUR,M,64,1026,Mumbai,+91 947457168,3/26/2024,,,,,
C001027,Diksha Goel,F,26,1027,Pune,+91 711845212,6/24/2024,,,,,
C001028,KULDEEP MEENA,M,34,1028,Hyderabad,+91 893431248,5/28/2024,,,,,
C001029,HARISH KHADOTRA,M,33,1029,Kolkata,+91 741694701,1/11/2023,,,,,
C001030,Desai Gaonkar Shivanand Ramchandra,M,62,1030,Kolkata,+91 882585187,5/8/2023,,,,,
C001031,divyapriya.a,F,26,1031,Goa,+91 781518871,8/24/2024,,,,,
C001032,SWETARANI PANDA,F,45,1032,Chennai,+91 774292034,2/8/2023,,,,,
C001033,Naveen Aradhya S,M,23,1033,Chennai,+91 935484742,6/25/2023,,,,,
C001034,DHARMENDRA KUMAR,M,45,1034,Pune,+91 819802938,1/9/2025,,,,,
C001035,prasanjit tripathy,M,64,1035,Delhi,+91 920712869,2/18/2023,,,,,
C001036,ANITA LAKRA,F,46,1036,Hyderabad,+91 732399711,4/20/2023,,,,,
C001037,rajveer singh meena,M,25,1037,Chennai,+91 905134951,6/8/2023,,,,,
C001038,MANTU KUMAR,M,30,1038,Goa,+91 889006354,9/11/2023,,,,,
C001039,GAYATRI MENON,F,55,1039,Mumbai,+91 969160909,1/31/2023,,,,,
C001040,Karan Singh Jamwal,M,36,1040,Hyderabad,+91 998285784,2/14/2024,,,,,
C001041,NIRMALYA NARAYAN KAR,M,53,1041,Kolkata,+91 892682756,2/16/2023,,,,,
C001042,RASHMI PRASAD,F,64,1042,Hyderabad,+91 952214033,8/18/2024,,,,,
C001043,SHILPA,F,62,1043,Chennai,+91 945765632,1/18/2025,,,,,
C001044,AAKASH GANGWAR,M,34,1044,Chennai,+91 949931615,2/8/2023,,,,,
C001045,Subhra Dash,F,62,1045,Kolkata,+91 816221533,9/15/2024,,,,,
C001046,Akshay Negi,M,47,1046,Bengaluru,+91 810837869,12/22/2023,,,,,
C001047,VAIBHAW SAHU,M,47,1047,Pune,+91 872173920,2/1/2024,,,,,
C001048,AMRIT LAL,M,27,1048,Kolkata,+91 767164956,5/4/2024,,,,,
C001049,KANITI SATISH KUMAR,M,26,1049,Delhi,+91 916436942,7/22/2023,,,,,
C001050,SUSHREE PRIYADARSHINI,F,64,1050,Pune,+91 980744046,12/7/2024,,,,,
C001051,MANASI SAHU,F,54,1051,Mumbai,+91 805412118,5/2/2024,,,,,
C001052,Ritesh Mhasagar,M,65,1052,Chennai,+91 733613007,9/23/2024,,,,,
C001053,pagoti gowthami,F,24,1053,Chennai,+91 703483729,10/10/2024,,,,,
C001054,Alahari Bavya Sritha,F,21,1054,Bengaluru,+91 936949951,6/30/2023,,,,,
C001055,Shyamala Prashanth Kumar,M,50,1055,Goa,+91 714763043,12/31/2024,,,,,
C001056,PALAKOLANU VENKATA SAI SANDEEP,M,21,1056,Pune,+91 849128259,9/11/2024,,,,,
C001057,KANCHAN,F,32,1057,Hyderabad,+91 727815904,9/12/2023,,,,,
C001058,PAWAN KUMAR,M,24,1058,Kolkata,+91 977018349,10/2/2023,,,,,
C001059,R BHANU,F,58,1059,Goa,+91 760703989,12/25/2024,,,,,
C001060,SUTAR SIDDHARTH CHANDRAKANT,M,49,1060,Kolkata,+91 905228079,10/30/2023,,,,,
C001061,JEENA SARA THOMAS,F,46,1061,Delhi,+91 761033840,5/22/2023,,,,,
C001062,Alok Singh Sengar,M,58,1062,Mumbai,+91 952237746,1/29/2023,,,,,
C001063,NEERAJ,M,19,1063,Mumbai,+91 850856222,6/5/2024,,,,,
C001064,ROHIT SINGH,M,20,1064,Goa,+91 740127493,9/8/2023,,,,,
C001065,ANANYA PAUL,F,58,1065,Mumbai,+91 839219307,1/12/2024,,,,,
C001066,PAHELI TALUKDER,F,51,1066,Kolkata,+91 747719759,2/17/2023,,,,,
C001067,GURRALA RAKESH KUMAR,M,50,1067,Goa,+91 775103759,11/28/2024,,,,,
C001068,DEEPALI PULATE,F,27,1068,Goa,+91 723890656,8/10/2024,,,,,
C001069,HARSHAL ISHWARRAO KOMALKAR,M,20,1069,Mumbai,+91 947773526,7/21/2024,,,,,
C001070,rajni meena,F,53,1070,Kolkata,+91 976910205,10/27/2023,,,,,
C001071,VARSHA JAISWAL,F,38,1071,Kolkata,+91 878750267,2/27/2023,,,,,
C001072,JYOTI DUBEY,F,61,1072,Hyderabad,+91 823176573,7/1/2024,,,,,
C001073,Sithalakshmi.S,F,61,1073,Hyderabad,+91 752009645,12/30/2023,,,,,
C001074,RAHUL CHAUDHARY,M,27,1074,Delhi,+91 738701787,8/25/2023,,,,,
C001075,BIJI EDISON,F,36,1075,Goa,+91 988090106,10/10/2023,,,,,
C001076,Ankita Singh Gaur,F,59,1076,Delhi,+91 837614707,6/24/2024,,,,,
C001077,MONIKA YADAV,F,19,1077,Goa,+91 969378926,2/1/2023,,,,,
C001078,ABHISHEK MEENA,M,23,1078,Kolkata,+91 967652321,5/18/2024,,,,,
C001079,VIPUL PANDEY,M,63,1079,Mumbai,+91 897559004,6/3/2024,,,,,
C001080,VARSHA TOMAR,F,55,1080,Hyderabad,+91 997786377,12/5/2023,,,,,
C001081,rebti bhushan,F,35,1081,Goa,+91 911394515,2/3/2024,,,,,
C001082,puja swain,F,48,1082,Mumbai,+91 942878493,2/20/2023,,,,,
C001083,SOURAV SARKAR,M,31,1083,Kolkata,+91 737692610,5/30/2024,,,,,
C001084,kalpana shankhwar,F,51,1084,Mumbai,+91 852772090,1/24/2023,,,,,
C001085,Deepak Garg,M,64,1085,Chennai,+91 817646673,7/4/2024,,,,,
C001086,RASHI VERMA,F,52,1086,Mumbai,+91 718759987,10/3/2023,,,,,
C001087,Poonam Gupta,F,28,1087,Goa,+91 920616707,10/27/2024,,,,,
C001088,PEEKA VAMSHI KRISHNA,M,37,1088,Delhi,+91 736080875,2/17/2024,,,,,
C001089,PATNALA SARANYA,F,27,1089,Pune,+91 967561516,12/1/2024,,,,,
C001090,SUMIT KUMAR,M,43,1090,Pune,+91 733494886,3/17/2024,,,,,
C001091,SHALINEE DUTTA,F,36,1091,Chennai,+91 878706732,7/30/2024,,,,,
C001092,SWATI SINGH,F,23,1092,Bengaluru,+91 873830625,5/14/2024,,,,,
C001093,Greeshma Pradeep S,F,60,1093,Kolkata,+91 944982161,5/17/2024,,,,,
C001094,AKASH KUMAR BARNWAL,M,26,1094,Hyderabad,+91 997697726,7/8/2023,,,,,
C001095,gaurav sharma,M,45,1095,Hyderabad,+91 844216543,2/8/2023,,,,,
C001096,APARNA SINHA,F,22,1096,Pune,+91 934490113,1/26/2024,,,,,
C001097,ADITYA AMAN,M,32,1097,Delhi,+91 755285609,1/11/2024,,,,,
C001098,CHHAVEE VERMA,F,54,1098,Mumbai,+91 814751128,10/3/2024,,,,,
C001099,SHREEMALI JAYESHKUMAR MANUBHAI,M,43,1099,Hyderabad,+91 700497227,5/29/2023,,,,,
C001100,M CHITHRA POURNAMI,M,27,1100,Delhi,+91 968465840,10/23/2024,,,,,
C001101,KRUSHNA KARUBAKI,F,21,1101,Bengaluru,+91 929492919,2/22/2024,,,,,
C001102,Dhananjay Kumar Pandey,M,34,1102,Hyderabad,+91 821498420,4/11/2023,,,,,
C001103,SHIVAM CHANDRA,M,52,1103,Pune,+91 879556162,9/30/2023,,,,,
C001104,SUNIL KUMAR CHADHAR,M,25,1104,Kolkata,+91 790360029,9/18/2023,,,,,
C001105,RADHIKA SARAWAGI,F,35,1105,Kolkata,+91 710479700,5/2/2024,,,,,
C001106,KESHAV,M,19,1106,Mumbai,+91 913292416,1/19/2023,,,,,
C001107,PRATIK PRIYA,F,63,1107,Goa,+91 751995813,1/5/2023,,,,,
C001108,ANKITA SINGH,F,63,1108,Delhi,+91 873376746,9/24/2023,,,,,
C001109,ARNAB GHOSH,M,49,1109,Bengaluru,+91 826486569,8/17/2023,,,,,
C001110,rabindra kumar baranwal,M,41,1110,Bengaluru,+91 957135597,10/11/2024,,,,,
C001111,SHUBHAM SINGH,M,32,1111,Delhi,+91 997647681,4/16/2024,,,,,
C001112,VISHAL SHANKAR,M,50,1112,Pune,+91 857840990,1/7/2023,,,,,
C001113,TOUFIQUE ISLAM,M,28,1113,Delhi,+91 856998189,7/29/2023,,,,,
C001114,AMULYA SAINI,M,26,1114,Goa,+91 893198849,6/7/2023,,,,,
C001115,SARVESH KUMAR,M,56,1115,Goa,+91 895213356,10/4/2023,,,,,
C001116,Brindha.R,F,47,1116,Delhi,+91 808573116,4/20/2023,,,,,
C001117,shefali rana,F,28,1117,Hyderabad,+91 788564666,6/23/2023,,,,,
C001118,Santhapuri Prashanthi,F,40,1118,Chennai,+91 829895625,8/11/2023,,,,,
C001119,SUBHASIS SAHOO,M,64,1119,Goa,+91 927791468,1/18/2023,,,,,
C001120,munavath ramesh,M,35,1120,Kolkata,+91 864770992,9/20/2023,,,,,
C001121,RUNI MALHOTRA,F,32,1121,Pune,+91 847566534,11/21/2023,,,,,
C001122,KATARAPU ARUN KUMAR,M,30,1122,Delhi,+91 826688980,12/13/2024,,,,,
C001123,ALANKRITA SRIVASTAVA,F,53,1123,Goa,+91 947941364,1/14/2025,,,,,
C001124,Jayashree Dehury,F,50,1124,Kolkata,+91 810100137,1/30/2024,,,,,
C001125,PREETI MAURYA,F,51,1125,Pune,+91 916816563,1/21/2025,,,,,
C001126,Marlina Gowalla,F,18,1126,Kolkata,+91 851324120,10/24/2024,,,,,
C001127,MUNDE GANESH HARISHCHANDRA,M,35,1127,Bengaluru,+91 915484011,7/25/2024,,,,,
C001128,SURABHI VASUDEV,F,26,1128,Delhi,+91 702077264,6/10/2023,,,,,
C001129,AVASARALA NARASIMHA V SAI KIRAN,M,33,1129,Mumbai,+91 778755972,6/12/2024,,,,,
C001130,Atul Kumar,M,57,1130,Pune,+91 783687782,3/27/2023,,,,,
C001131,CHITTIMALLA NISHANK,M,49,1131,Goa,+91 876255177,2/7/2024,,,,,
C001132,GUMMALA HEMANTH,M,43,1132,Kolkata,+91 910811935,4/20/2023,,,,,
C001133,shashank saini,M,28,1133,Goa,+91 776682688,8/4/2024,,,,,
C001134,mohd mudassar alam khan,M,30,1134,Pune,+91 877833147,12/15/2024,,,,,
C001135,HIMA M,F,25,1135,Hyderabad,+91 910753535,5/3/2024,,,,,
C001136,PULAKANTI SANDHYA,F,31,1136,Kolkata,+91 877542553,1/9/2023,,,,,
C001137,Patil Jagdish Balu,M,58,1137,Pune,+91 819928239,6/12/2023,,,,,
C001138,MEERA.H.K,F,40,1138,Mumbai,+91 929269100,3/31/2023,,,,,
C001139,SELVARATHI C,F,30,1139,Pune,+91 829802362,8/20/2024,,,,,
C001140,Piyush Sarangi,M,65,1140,Goa,+91 811942304,9/4/2023,,,,,
C001141,MANISHA MEENA,F,36,1141,Kolkata,+91 886752608,8/30/2024,,,,,
C001142,YUVARANI G M,F,52,1142,Mumbai,+91 792906351,9/28/2024,,,,,
C001143,HARAPRAVA PATRA,F,65,1143,Pune,+91 963560467,2/20/2024,,,,,
C001144,adnan,M,37,1144,Chennai,+91 721394164,9/4/2023,,,,,
C001145,jagriti,F,56,1145,Chennai,+91 717379176,4/1/2023,,,,,
C001146,ABHISHEK SARATHE,M,64,1146,Bengaluru,+91 906324727,4/26/2023,,,,,
C001147,beena panwar,F,32,1147,Goa,+91 814561288,11/16/2023,,,,,
C001148,RITESH KUMAR,M,25,1148,Bengaluru,+91 876506336,6/23/2023,,,,,
C001149,vaibhav arun ghodke,M,51,1149,Delhi,+91 827764077,7/2/2024,,,,,
C001150,MULLAMURI SIREESHA,F,32,1150,Chennai,+91 751851238,10/28/2023,,,,,
C001151,Paritosh Mohan,M,26,1151,Kolkata,+91 767227278,1/7/2025,,,,,
C001152,Kamlesh kumar,M,30,1152,Hyderabad,+91 704492014,11/25/2024,,,,,
C001153,SATYA RANJAN PANIGRAHI,M,35,1153,Bengaluru,+91 771223169,11/25/2024,,,,,
C001154,ARIJIT MAJI,M,31,1154,Hyderabad,+91 726915848,3/26/2023,,,,,
C001155,ANANYA GARHWAL,F,29,1155,Chennai,+91 819702119,10/1/2023,,,,,
C001156,SHIVAM CHAUBE,M,36,1156,Goa,+91 999462808,11/27/2024,,,,,
C001157,MD. TANVEER UR RAHMAN,M,32,1157,Bengaluru,+91 945657636,1/23/2024,,,,,
C001158,SATYENDRA PRAKASH GAUTAM,M,32,1158,Hyderabad,+91 951176346,4/25/2024,,,,,
C001159,ABHILASH PATRA,M,54,1159,Chennai,+91 898281654,12/27/2023,,,,,
C001160,RAMPRAKASH R,M,46,1160,Goa,+91 904108312,3/16/2023,,,,,
C001161,Sourav Bhattacharyya,M,61,1161,Chennai,+91 891484558,9/18/2024,,,,,
C001162,MALOTH KALYANI,F,56,1162,Pune,+91 980197806,11/19/2024,,,,,
C001163,DILIP KUMAR,M,22,1163,Delhi,+91 720965660,6/10/2023,,,,,
C001164,dibyajyoti chakraborty,F,62,1164,Chennai,+91 980123668,8/27/2023,,,,,
C001165,KOLLIPARA SITA,F,43,1165,Delhi,+91 976635997,2/20/2023,,,,,
C001166,MANGARAJ KARTAM,M,30,1166,Chennai,+91 770167674,8/29/2024,,,,,
C001167,UMESH SINGH KSHATRIYA,M,25,1167,Mumbai,+91 981089634,12/25/2024,,,,,
C001168,Shyama,F,19,1168,Bengaluru,+91 945738504,2/14/2023,,,,,
C001169,Afrin Ansari,F,32,1169,Bengaluru,+91 777330008,9/18/2023,,,,,
C001170,KEDARE PRIYANKA BHASKARRAO,F,55,1170,Hyderabad,+91 940369450,5/14/2024,,,,,
C001171,Akshay Kumar PK,M,53,1171,Goa,+91 906610414,11/4/2024,,,,,
C001172,KUMARI AKANKSHA,F,36,1172,Kolkata,+91 958248277,8/14/2023,,,,,
C001173,vivek kumar singh,M,26,1173,Mumbai,+91 960073208,4/6/2023,,,,,
C001174,AMITESH KUMAR,M,26,1174,Mumbai,+91 909063086,1/22/2024,,,,,
C001175,ANTIMA SETH,F,50,1175,Bengaluru,+91 730123882,12/2/2024,,,,,
C001176,NEHA GHONMODE,F,22,1176,Mumbai,+91 732246068,8/10/2023,,,,,
C001177,RITAMBHARA SANGYA,F,38,1177,Chennai,+91 847515172,9/1/2024,,,,,
C001178,SARANYA.B.T,F,40,1178,Hyderabad,+91 978418972,11/16/2024,,,,,
,,,,,,,,,,,,
,,,,,,,,,,,,
,,,,,,,,,,,,
,,,,,,,,,,,,
,,,,,,,,,,,,
